source,target,index
"{'name': 'draw_cell', 'y': 592.2488307696478, 'x': 610.100938114732, 'index': 0, 'vy': 0.01706785024268764, 'vx': 0.0008880439233004855, 'weight': 14}","{'name': 'draw_pixel', 'y': 596.010500045907, 'x': 509.58893179238345, 'index': 1, 'vy': 0.019917030673354392, 'vx': -0.0008242630122717642, 'weight': 1}",0
"{'name': 'draw_cell', 'y': 592.2488307696478, 'x': 610.100938114732, 'index': 0, 'vy': 0.01706785024268764, 'vx': 0.0008880439233004855, 'weight': 14}","{'name': 'filling_loop', 'y': 648.3966681719551, 'x': 542.86856612701, 'index': 2, 'vy': 0.020942768621241538, 'vx': 0.01082639987403583, 'weight': 1}",1
"{'name': 'draw_cell', 'y': 592.2488307696478, 'x': 610.100938114732, 'index': 0, 'vy': 0.01706785024268764, 'vx': 0.0008880439233004855, 'weight': 14}","{'name': 'set_cx', 'y': 629.6682835505956, 'x': 510.86275843768027, 'index': 3, 'vy': 0.021874681743789513, 'vx': 0.005060874195087761, 'weight': 1}",2
"{'name': 'draw_head', 'y': 521.8686721824774, 'x': 653.1811821195827, 'index': 4, 'vy': 0.014913382270292846, 'vx': -0.0035061419953463847, 'weight': 3}","{'name': 'draw_cell', 'y': 592.2488307696478, 'x': 610.100938114732, 'index': 0, 'vy': 0.01706785024268764, 'vx': 0.0008880439233004855, 'weight': 14}",3
"{'name': 'draw_head', 'y': 521.8686721824774, 'x': 653.1811821195827, 'index': 4, 'vy': 0.014913382270292846, 'vx': -0.0035061419953463847, 'weight': 3}","{'name': 'draw_cell', 'y': 592.2488307696478, 'x': 610.100938114732, 'index': 0, 'vy': 0.01706785024268764, 'vx': 0.0008880439233004855, 'weight': 14}",4
"{'name': 'draw_body', 'y': 509.6040122658761, 'x': 632.3106200726589, 'index': 5, 'vy': 0.016594730373042686, 'vx': -0.005888757073703182, 'weight': 3}","{'name': 'draw_cell', 'y': 592.2488307696478, 'x': 610.100938114732, 'index': 0, 'vy': 0.01706785024268764, 'vx': 0.0008880439233004855, 'weight': 14}",5
"{'name': 'draw_body', 'y': 509.6040122658761, 'x': 632.3106200726589, 'index': 5, 'vy': 0.016594730373042686, 'vx': -0.005888757073703182, 'weight': 3}","{'name': 'draw_cell', 'y': 592.2488307696478, 'x': 610.100938114732, 'index': 0, 'vy': 0.01706785024268764, 'vx': 0.0008880439233004855, 'weight': 14}",6
"{'name': 'draw_food', 'y': 469.91141657780435, 'x': 680.709596535213, 'index': 6, 'vy': 0.01819801778238979, 'vx': -0.0035911472112341216, 'weight': 9}","{'name': '@@drawing_loop:', 'y': 401.48827568261606, 'x': 654.0472222410847, 'index': 7, 'vy': 0.01751459341770455, 'vx': -0.016154921251175174, 'weight': 3}",7
"{'name': 'draw_food', 'y': 469.91141657780435, 'x': 680.709596535213, 'index': 6, 'vy': 0.01819801778238979, 'vx': -0.0035911472112341216, 'weight': 9}","{'name': '@@exit', 'y': 352.25178678631437, 'x': 795.733332126067, 'index': 8, 'vy': 0.009334399118432752, 'vx': -0.010675802990123934, 'weight': 8}",8
"{'name': 'draw_food', 'y': 469.91141657780435, 'x': 680.709596535213, 'index': 6, 'vy': 0.01819801778238979, 'vx': -0.0035911472112341216, 'weight': 9}","{'name': '@@inc_bx', 'y': 467.4622960408835, 'x': 562.1369215936858, 'index': 9, 'vy': 0.029081529152742872, 'vx': -0.008723347180922186, 'weight': 1}",9
"{'name': 'draw_food', 'y': 469.91141657780435, 'x': 680.709596535213, 'index': 6, 'vy': 0.01819801778238979, 'vx': -0.0035911472112341216, 'weight': 9}","{'name': 'draw_cell', 'y': 592.2488307696478, 'x': 610.100938114732, 'index': 0, 'vy': 0.01706785024268764, 'vx': 0.0008880439233004855, 'weight': 14}",10
"{'name': 'draw_food', 'y': 469.91141657780435, 'x': 680.709596535213, 'index': 6, 'vy': 0.01819801778238979, 'vx': -0.0035911472112341216, 'weight': 9}","{'name': '@@drawing_loop', 'y': 423.01675036363775, 'x': 634.3092812747402, 'index': 10, 'vy': 0.018985114568331584, 'vx': -0.011956354302622688, 'weight': 4}",11
"{'name': 'draw_food', 'y': 469.91141657780435, 'x': 680.709596535213, 'index': 6, 'vy': 0.01819801778238979, 'vx': -0.0035911472112341216, 'weight': 9}","{'name': '@@inc_bx:', 'y': 513.71691783548, 'x': 571.0394386301238, 'index': 11, 'vy': 0.026374062225606808, 'vx': 0.0022022721471750494, 'weight': 1}",12
"{'name': 'draw_food', 'y': 469.91141657780435, 'x': 680.709596535213, 'index': 6, 'vy': 0.01819801778238979, 'vx': -0.0035911472112341216, 'weight': 9}","{'name': '@@drawing_loop', 'y': 423.01675036363775, 'x': 634.3092812747402, 'index': 10, 'vy': 0.018985114568331584, 'vx': -0.011956354302622688, 'weight': 4}",13
"{'name': 'draw_food', 'y': 469.91141657780435, 'x': 680.709596535213, 'index': 6, 'vy': 0.01819801778238979, 'vx': -0.0035911472112341216, 'weight': 9}","{'name': '@@exit:', 'y': 391.80738484313645, 'x': 819.158143629933, 'index': 12, 'vy': 0.003045121999455727, 'vx': -0.00783740620204556, 'weight': 11}",14
"{'name': 'draw_pois', 'y': 456.7389837269136, 'x': 696.959175406665, 'index': 13, 'vy': 0.01184347537761066, 'vx': -0.009541666605464332, 'weight': 6}","{'name': '@@drawing_loop:', 'y': 401.48827568261606, 'x': 654.0472222410847, 'index': 7, 'vy': 0.01751459341770455, 'vx': -0.016154921251175174, 'weight': 3}",15
"{'name': 'draw_pois', 'y': 456.7389837269136, 'x': 696.959175406665, 'index': 13, 'vy': 0.01184347537761066, 'vx': -0.009541666605464332, 'weight': 6}","{'name': '@@exit', 'y': 352.25178678631437, 'x': 795.733332126067, 'index': 8, 'vy': 0.009334399118432752, 'vx': -0.010675802990123934, 'weight': 8}",16
"{'name': 'draw_pois', 'y': 456.7389837269136, 'x': 696.959175406665, 'index': 13, 'vy': 0.01184347537761066, 'vx': -0.009541666605464332, 'weight': 6}","{'name': 'draw_cell', 'y': 592.2488307696478, 'x': 610.100938114732, 'index': 0, 'vy': 0.01706785024268764, 'vx': 0.0008880439233004855, 'weight': 14}",17
"{'name': 'draw_pois', 'y': 456.7389837269136, 'x': 696.959175406665, 'index': 13, 'vy': 0.01184347537761066, 'vx': -0.009541666605464332, 'weight': 6}","{'name': '@@drawing_loop', 'y': 423.01675036363775, 'x': 634.3092812747402, 'index': 10, 'vy': 0.018985114568331584, 'vx': -0.011956354302622688, 'weight': 4}",18
"{'name': 'draw_pois', 'y': 456.7389837269136, 'x': 696.959175406665, 'index': 13, 'vy': 0.01184347537761066, 'vx': -0.009541666605464332, 'weight': 6}","{'name': '@@exit:', 'y': 391.80738484313645, 'x': 819.158143629933, 'index': 12, 'vy': 0.003045121999455727, 'vx': -0.00783740620204556, 'weight': 11}",19
"{'name': 'empty_cell', 'y': 428.3234140322357, 'x': 747.2845326486115, 'index': 14, 'vy': 0.013136230064739508, 'vx': -0.008675527356292812, 'weight': 4}","{'name': 'draw_cell', 'y': 592.2488307696478, 'x': 610.100938114732, 'index': 0, 'vy': 0.01706785024268764, 'vx': 0.0008880439233004855, 'weight': 14}",20
"{'name': 'food_check', 'y': 272.1522700597537, 'x': 817.7282480179213, 'index': 15, 'vy': 0.0008378263278661702, 'vx': -0.012215852228243224, 'weight': 14}","{'name': '@@checking_loop:', 'y': 234.75366807223736, 'x': 879.7160688399498, 'index': 16, 'vy': 0.0024441694624035004, 'vx': -0.01391069295783931, 'weight': 3}",21
"{'name': 'food_check', 'y': 272.1522700597537, 'x': 817.7282480179213, 'index': 15, 'vy': 0.0008378263278661702, 'vx': -0.012215852228243224, 'weight': 14}","{'name': '@@exit', 'y': 352.25178678631437, 'x': 795.733332126067, 'index': 8, 'vy': 0.009334399118432752, 'vx': -0.010675802990123934, 'weight': 8}",22
"{'name': 'food_check', 'y': 272.1522700597537, 'x': 817.7282480179213, 'index': 15, 'vy': 0.0008378263278661702, 'vx': -0.012215852228243224, 'weight': 14}","{'name': '@@continue', 'y': 214.51040780257716, 'x': 856.0683149886847, 'index': 17, 'vy': -0.005792289794167571, 'vx': -0.013717346709003604, 'weight': 5}",23
"{'name': 'food_check', 'y': 272.1522700597537, 'x': 817.7282480179213, 'index': 15, 'vy': 0.0008378263278661702, 'vx': -0.012215852228243224, 'weight': 14}","{'name': '@@continue', 'y': 214.51040780257716, 'x': 856.0683149886847, 'index': 17, 'vy': -0.005792289794167571, 'vx': -0.013717346709003604, 'weight': 5}",24
"{'name': 'food_check', 'y': 272.1522700597537, 'x': 817.7282480179213, 'index': 15, 'vy': 0.0008378263278661702, 'vx': -0.012215852228243224, 'weight': 14}","{'name': '@@found', 'y': 167.60262027805098, 'x': 815.8557509109868, 'index': 18, 'vy': 0.0021655226953079558, 'vx': -0.012734871175593084, 'weight': 2}",25
"{'name': 'food_check', 'y': 272.1522700597537, 'x': 817.7282480179213, 'index': 15, 'vy': 0.0008378263278661702, 'vx': -0.012215852228243224, 'weight': 14}","{'name': '@@continue:', 'y': 337.9254823289127, 'x': 826.1059820656765, 'index': 19, 'vy': 0.0001455661245867601, 'vx': -0.005764014445851269, 'weight': 5}",26
"{'name': 'food_check', 'y': 272.1522700597537, 'x': 817.7282480179213, 'index': 15, 'vy': 0.0008378263278661702, 'vx': -0.012215852228243224, 'weight': 14}","{'name': '@@checking_loop', 'y': 213.16987698799798, 'x': 880.6887646279496, 'index': 20, 'vy': -0.00041190469031288367, 'vx': -0.009476335292125862, 'weight': 3}",27
"{'name': 'food_check', 'y': 272.1522700597537, 'x': 817.7282480179213, 'index': 15, 'vy': 0.0008378263278661702, 'vx': -0.012215852228243224, 'weight': 14}","{'name': '@@found:', 'y': 174.53632345093393, 'x': 787.5354769438177, 'index': 21, 'vy': 0.004113152300367825, 'vx': -0.011763872348487931, 'weight': 2}",28
"{'name': 'food_check', 'y': 272.1522700597537, 'x': 817.7282480179213, 'index': 15, 'vy': 0.0008378263278661702, 'vx': -0.012215852228243224, 'weight': 14}","{'name': 'food_beep', 'y': 257.1728251522476, 'x': 667.7703612339141, 'index': 22, 'vy': -0.0011402868010432388, 'vx': -0.004205748454208705, 'weight': 2}",29
"{'name': 'food_check', 'y': 272.1522700597537, 'x': 817.7282480179213, 'index': 15, 'vy': 0.0008378263278661702, 'vx': -0.012215852228243224, 'weight': 14}","{'name': 'update_coords', 'y': 181.0937910185838, 'x': 924.8886613932723, 'index': 23, 'vy': -0.0013795357521594442, 'vx': -0.01078033580290474, 'weight': 5}",30
"{'name': 'food_check', 'y': 272.1522700597537, 'x': 817.7282480179213, 'index': 15, 'vy': 0.0008378263278661702, 'vx': -0.012215852228243224, 'weight': 14}","{'name': 'lengthen', 'y': 167.15079093596736, 'x': 869.2730818200793, 'index': 24, 'vy': -0.0029858668835027525, 'vx': -0.014312659194636897, 'weight': 2}",31
"{'name': 'food_check', 'y': 272.1522700597537, 'x': 817.7282480179213, 'index': 15, 'vy': 0.0008378263278661702, 'vx': -0.012215852228243224, 'weight': 14}","{'name': 'draw_snake', 'y': 382.62696016835247, 'x': 737.3070429665826, 'index': 25, 'vy': 0.005429400276802644, 'vx': -0.009916560016131755, 'weight': 10}",32
"{'name': 'food_check', 'y': 272.1522700597537, 'x': 817.7282480179213, 'index': 15, 'vy': 0.0008378263278661702, 'vx': -0.012215852228243224, 'weight': 14}","{'name': '@@exit:', 'y': 391.80738484313645, 'x': 819.158143629933, 'index': 12, 'vy': 0.003045121999455727, 'vx': -0.00783740620204556, 'weight': 11}",33
"{'name': 'pois_check', 'y': 250.63827391094821, 'x': 808.4928718605373, 'index': 26, 'vy': 0.0015228879624538864, 'vx': -0.012129088342277503, 'weight': 14}","{'name': '@@checking_loop:', 'y': 234.75366807223736, 'x': 879.7160688399498, 'index': 16, 'vy': 0.0024441694624035004, 'vx': -0.01391069295783931, 'weight': 3}",34
"{'name': 'pois_check', 'y': 250.63827391094821, 'x': 808.4928718605373, 'index': 26, 'vy': 0.0015228879624538864, 'vx': -0.012129088342277503, 'weight': 14}","{'name': '@@exit', 'y': 352.25178678631437, 'x': 795.733332126067, 'index': 8, 'vy': 0.009334399118432752, 'vx': -0.010675802990123934, 'weight': 8}",35
"{'name': 'pois_check', 'y': 250.63827391094821, 'x': 808.4928718605373, 'index': 26, 'vy': 0.0015228879624538864, 'vx': -0.012129088342277503, 'weight': 14}","{'name': '@@continue', 'y': 214.51040780257716, 'x': 856.0683149886847, 'index': 17, 'vy': -0.005792289794167571, 'vx': -0.013717346709003604, 'weight': 5}",36
"{'name': 'pois_check', 'y': 250.63827391094821, 'x': 808.4928718605373, 'index': 26, 'vy': 0.0015228879624538864, 'vx': -0.012129088342277503, 'weight': 14}","{'name': '@@continue', 'y': 214.51040780257716, 'x': 856.0683149886847, 'index': 17, 'vy': -0.005792289794167571, 'vx': -0.013717346709003604, 'weight': 5}",37
"{'name': 'pois_check', 'y': 250.63827391094821, 'x': 808.4928718605373, 'index': 26, 'vy': 0.0015228879624538864, 'vx': -0.012129088342277503, 'weight': 14}","{'name': '@@found', 'y': 167.60262027805098, 'x': 815.8557509109868, 'index': 18, 'vy': 0.0021655226953079558, 'vx': -0.012734871175593084, 'weight': 2}",38
"{'name': 'pois_check', 'y': 250.63827391094821, 'x': 808.4928718605373, 'index': 26, 'vy': 0.0015228879624538864, 'vx': -0.012129088342277503, 'weight': 14}","{'name': '@@continue:', 'y': 337.9254823289127, 'x': 826.1059820656765, 'index': 19, 'vy': 0.0001455661245867601, 'vx': -0.005764014445851269, 'weight': 5}",39
"{'name': 'pois_check', 'y': 250.63827391094821, 'x': 808.4928718605373, 'index': 26, 'vy': 0.0015228879624538864, 'vx': -0.012129088342277503, 'weight': 14}","{'name': '@@checking_loop', 'y': 213.16987698799798, 'x': 880.6887646279496, 'index': 20, 'vy': -0.00041190469031288367, 'vx': -0.009476335292125862, 'weight': 3}",40
"{'name': 'pois_check', 'y': 250.63827391094821, 'x': 808.4928718605373, 'index': 26, 'vy': 0.0015228879624538864, 'vx': -0.012129088342277503, 'weight': 14}","{'name': '@@found:', 'y': 174.53632345093393, 'x': 787.5354769438177, 'index': 21, 'vy': 0.004113152300367825, 'vx': -0.011763872348487931, 'weight': 2}",41
"{'name': 'pois_check', 'y': 250.63827391094821, 'x': 808.4928718605373, 'index': 26, 'vy': 0.0015228879624538864, 'vx': -0.012129088342277503, 'weight': 14}","{'name': 'pois_beep', 'y': 212.49093473099623, 'x': 682.8002970647597, 'index': 27, 'vy': 0.0007540006092125905, 'vx': -0.007402641484877698, 'weight': 2}",42
"{'name': 'pois_check', 'y': 250.63827391094821, 'x': 808.4928718605373, 'index': 26, 'vy': 0.0015228879624538864, 'vx': -0.012129088342277503, 'weight': 14}","{'name': 'shorten', 'y': 302.7095610879673, 'x': 879.4187635511252, 'index': 28, 'vy': -1.066063332607614e-05, 'vx': -0.010897822608204438, 'weight': 3}",43
"{'name': 'pois_check', 'y': 250.63827391094821, 'x': 808.4928718605373, 'index': 26, 'vy': 0.0015228879624538864, 'vx': -0.012129088342277503, 'weight': 14}","{'name': 'update_tail', 'y': 128.3478786734989, 'x': 859.6438366533748, 'index': 29, 'vy': -0.0013305272050033983, 'vx': -0.012606844815225676, 'weight': 2}",44
"{'name': 'pois_check', 'y': 250.63827391094821, 'x': 808.4928718605373, 'index': 26, 'vy': 0.0015228879624538864, 'vx': -0.012129088342277503, 'weight': 14}","{'name': 'empty_tail', 'y': 323.5209043679072, 'x': 777.6999896806868, 'index': 30, 'vy': 0.009551823807185696, 'vx': -0.010582704202289819, 'weight': 3}",45
"{'name': 'pois_check', 'y': 250.63827391094821, 'x': 808.4928718605373, 'index': 26, 'vy': 0.0015228879624538864, 'vx': -0.012129088342277503, 'weight': 14}","{'name': '@@exit:', 'y': 391.80738484313645, 'x': 819.158143629933, 'index': 12, 'vy': 0.003045121999455727, 'vx': -0.00783740620204556, 'weight': 11}",46
"{'name': 'food_beep', 'y': 257.1728251522476, 'x': 667.7703612339141, 'index': 22, 'vy': -0.0011402868010432388, 'vx': -0.004205748454208705, 'weight': 2}","{'name': 'beep', 'y': 324.3281154472976, 'x': 564.2885122328319, 'index': 31, 'vy': 0.0013452339462456358, 'vx': -0.004472091473510037, 'weight': 9}",47
"{'name': 'pois_beep', 'y': 212.49093473099623, 'x': 682.8002970647597, 'index': 27, 'vy': 0.0007540006092125905, 'vx': -0.007402641484877698, 'weight': 2}","{'name': 'long_beep', 'y': 280.35573837953876, 'x': 594.5759756138335, 'index': 32, 'vy': -0.00029987148128366445, 'vx': -0.0023597527321405436, 'weight': 8}",48
"{'name': 'key_beep', 'y': 464.40934732751066, 'x': 721.8172924637422, 'index': 33, 'vy': -0.010962811608430247, 'vx': -0.0003431308283089934, 'weight': 2}","{'name': 'beep', 'y': 324.3281154472976, 'x': 564.2885122328319, 'index': 31, 'vy': 0.0013452339462456358, 'vx': -0.004472091473510037, 'weight': 9}",49
"{'name': 'step_beep', 'y': 311.3934676336768, 'x': 684.2491186686283, 'index': 34, 'vy': 0.007387439506286201, 'vx': -0.014003737893951, 'weight': 2}","{'name': 'beep', 'y': 324.3281154472976, 'x': 564.2885122328319, 'index': 31, 'vy': 0.0013452339462456358, 'vx': -0.004472091473510037, 'weight': 9}",50
"{'name': 'pause_beep', 'y': 368.067124574156, 'x': 620.6212212875246, 'index': 35, 'vy': -0.0003411227952227924, 'vx': -0.004872413180857529, 'weight': 5}","{'name': 'beep', 'y': 324.3281154472976, 'x': 564.2885122328319, 'index': 31, 'vy': 0.0013452339462456358, 'vx': -0.004472091473510037, 'weight': 9}",51
"{'name': 'pause_beep', 'y': 368.067124574156, 'x': 620.6212212875246, 'index': 35, 'vy': -0.0003411227952227924, 'vx': -0.004872413180857529, 'weight': 5}","{'name': 'beep', 'y': 324.3281154472976, 'x': 564.2885122328319, 'index': 31, 'vy': 0.0013452339462456358, 'vx': -0.004472091473510037, 'weight': 9}",52
"{'name': 'pause_beep', 'y': 368.067124574156, 'x': 620.6212212875246, 'index': 35, 'vy': -0.0003411227952227924, 'vx': -0.004872413180857529, 'weight': 5}","{'name': 'long_beep', 'y': 280.35573837953876, 'x': 594.5759756138335, 'index': 32, 'vy': -0.00029987148128366445, 'vx': -0.0023597527321405436, 'weight': 8}",53
"{'name': 'pause_beep', 'y': 368.067124574156, 'x': 620.6212212875246, 'index': 35, 'vy': -0.0003411227952227924, 'vx': -0.004872413180857529, 'weight': 5}","{'name': 'beep', 'y': 324.3281154472976, 'x': 564.2885122328319, 'index': 31, 'vy': 0.0013452339462456358, 'vx': -0.004472091473510037, 'weight': 9}",54
"{'name': 'game_over_beep', 'y': 328.21336913516376, 'x': 695.0431316853967, 'index': 36, 'vy': 0.0002893969219537995, 'vx': -0.00555839807760069, 'weight': 4}","{'name': 'long_beep', 'y': 280.35573837953876, 'x': 594.5759756138335, 'index': 32, 'vy': -0.00029987148128366445, 'vx': -0.0023597527321405436, 'weight': 8}",55
"{'name': 'game_over_beep', 'y': 328.21336913516376, 'x': 695.0431316853967, 'index': 36, 'vy': 0.0002893969219537995, 'vx': -0.00555839807760069, 'weight': 4}","{'name': 'long_beep', 'y': 280.35573837953876, 'x': 594.5759756138335, 'index': 32, 'vy': -0.00029987148128366445, 'vx': -0.0023597527321405436, 'weight': 8}",56
"{'name': 'game_over_beep', 'y': 328.21336913516376, 'x': 695.0431316853967, 'index': 36, 'vy': 0.0002893969219537995, 'vx': -0.00555839807760069, 'weight': 4}","{'name': 'long_beep', 'y': 280.35573837953876, 'x': 594.5759756138335, 'index': 32, 'vy': -0.00029987148128366445, 'vx': -0.0023597527321405436, 'weight': 8}",57
"{'name': 'beep', 'y': 324.3281154472976, 'x': 564.2885122328319, 'index': 31, 'vy': 0.0013452339462456358, 'vx': -0.004472091473510037, 'weight': 9}","{'name': 'turn_on', 'y': 295.3434305322188, 'x': 506.30099349689453, 'index': 37, 'vy': -0.0007793297734436682, 'vx': -0.006217291930441215, 'weight': 2}",58
"{'name': 'beep', 'y': 324.3281154472976, 'x': 564.2885122328319, 'index': 31, 'vy': 0.0013452339462456358, 'vx': -0.004472091473510037, 'weight': 9}","{'name': 'set_freq', 'y': 264.67668636880836, 'x': 490.6379309045681, 'index': 38, 'vy': -0.004037291658744249, 'vx': -0.0021010570169868736, 'weight': 6}",59
"{'name': 'beep', 'y': 324.3281154472976, 'x': 564.2885122328319, 'index': 31, 'vy': 0.0013452339462456358, 'vx': -0.004472091473510037, 'weight': 9}","{'name': 'turn_off', 'y': 239.50073868261418, 'x': 534.0642704250853, 'index': 39, 'vy': -0.0017706786012826213, 'vx': -0.0013646750300047527, 'weight': 2}",60
"{'name': 'long_beep', 'y': 280.35573837953876, 'x': 594.5759756138335, 'index': 32, 'vy': -0.00029987148128366445, 'vx': -0.0023597527321405436, 'weight': 8}","{'name': 'turn_on', 'y': 295.3434305322188, 'x': 506.30099349689453, 'index': 37, 'vy': -0.0007793297734436682, 'vx': -0.006217291930441215, 'weight': 2}",61
"{'name': 'long_beep', 'y': 280.35573837953876, 'x': 594.5759756138335, 'index': 32, 'vy': -0.00029987148128366445, 'vx': -0.0023597527321405436, 'weight': 8}","{'name': 'set_freq', 'y': 264.67668636880836, 'x': 490.6379309045681, 'index': 38, 'vy': -0.004037291658744249, 'vx': -0.0021010570169868736, 'weight': 6}",62
"{'name': 'long_beep', 'y': 280.35573837953876, 'x': 594.5759756138335, 'index': 32, 'vy': -0.00029987148128366445, 'vx': -0.0023597527321405436, 'weight': 8}","{'name': 'turn_off', 'y': 239.50073868261418, 'x': 534.0642704250853, 'index': 39, 'vy': -0.0017706786012826213, 'vx': -0.0013646750300047527, 'weight': 2}",63
"{'name': 'set_freq', 'y': 264.67668636880836, 'x': 490.6379309045681, 'index': 38, 'vy': -0.004037291658744249, 'vx': -0.0021010570169868736, 'weight': 6}","{'name': '@@pause1:', 'y': 311.33164286119853, 'x': 409.33664832914775, 'index': 40, 'vy': -0.005127192230424235, 'vx': -0.004814675405457441, 'weight': 1}",64
"{'name': 'set_freq', 'y': 264.67668636880836, 'x': 490.6379309045681, 'index': 38, 'vy': -0.004037291658744249, 'vx': -0.0021010570169868736, 'weight': 6}","{'name': '@@pause2:', 'y': 226.55872936599738, 'x': 412.56125980141144, 'index': 41, 'vy': -0.009249334548605026, 'vx': -0.0005360016380855315, 'weight': 1}",65
"{'name': 'set_freq', 'y': 264.67668636880836, 'x': 490.6379309045681, 'index': 38, 'vy': -0.004037291658744249, 'vx': -0.0021010570169868736, 'weight': 6}","{'name': '@@pause2', 'y': 189.54402716911778, 'x': 445.5004027547302, 'index': 42, 'vy': -0.008565746410193933, 'vx': 0.002897387989326511, 'weight': 1}",66
"{'name': 'set_freq', 'y': 264.67668636880836, 'x': 490.6379309045681, 'index': 38, 'vy': -0.004037291658744249, 'vx': -0.0021010570169868736, 'weight': 6}","{'name': '@@pause1', 'y': 269.9173955377355, 'x': 400.4077524162024, 'index': 43, 'vy': -0.007495452399925079, 'vx': -0.002585827329478807, 'weight': 1}",67
"{'name': 'handle_keyboard', 'y': 551.6724358873258, 'x': 882.3343348380456, 'index': 44, 'vy': -0.0028226147326422726, 'vx': 0.00782671598172635, 'weight': 40}","{'name': '@@check:', 'y': 666.3696173612318, 'x': 871.7685765531277, 'index': 45, 'vy': 0.0007901302077310309, 'vx': 0.008660350124626319, 'weight': 1}",68
"{'name': 'handle_keyboard', 'y': 551.6724358873258, 'x': 882.3343348380456, 'index': 44, 'vy': -0.0028226147326422726, 'vx': 0.00782671598172635, 'weight': 40}","{'name': 'key_beep', 'y': 464.40934732751066, 'x': 721.8172924637422, 'index': 33, 'vy': -0.010962811608430247, 'vx': -0.0003431308283089934, 'weight': 2}",69
"{'name': 'handle_keyboard', 'y': 551.6724358873258, 'x': 882.3343348380456, 'index': 44, 'vy': -0.0028226147326422726, 'vx': 0.00782671598172635, 'weight': 40}","{'name': '@@maybe_j:', 'y': 642.0023385317635, 'x': 855.994405650249, 'index': 46, 'vy': -0.0021420295493820227, 'vx': 0.013189171354439857, 'weight': 1}",70
"{'name': 'handle_keyboard', 'y': 551.6724358873258, 'x': 882.3343348380456, 'index': 44, 'vy': -0.0028226147326422726, 'vx': 0.00782671598172635, 'weight': 40}","{'name': '@@maybe_k', 'y': 690.4423777314961, 'x': 835.0405791141427, 'index': 47, 'vy': -0.002123906333947795, 'vx': 0.010414650471873314, 'weight': 1}",71
"{'name': 'handle_keyboard', 'y': 551.6724358873258, 'x': 882.3343348380456, 'index': 44, 'vy': -0.0028226147326422726, 'vx': 0.00782671598172635, 'weight': 40}","{'name': 'change_dir_down', 'y': 503.24736895861406, 'x': 976.9264207865754, 'index': 48, 'vy': -0.007331461086338503, 'vx': 0.0071372660690680306, 'weight': 3}",72
"{'name': 'handle_keyboard', 'y': 551.6724358873258, 'x': 882.3343348380456, 'index': 44, 'vy': -0.0028226147326422726, 'vx': 0.00782671598172635, 'weight': 40}","{'name': '@@check', 'y': 612.8252496600339, 'x': 895.768099940525, 'index': 49, 'vy': -0.003985315806683105, 'vx': 0.01149708886367067, 'weight': 9}",73
"{'name': 'handle_keyboard', 'y': 551.6724358873258, 'x': 882.3343348380456, 'index': 44, 'vy': -0.0028226147326422726, 'vx': 0.00782671598172635, 'weight': 40}","{'name': '@@maybe_k:', 'y': 705.6996706500753, 'x': 859.8483010647849, 'index': 50, 'vy': 0.0021013469940335565, 'vx': 0.009917131873681222, 'weight': 1}",74
"{'name': 'handle_keyboard', 'y': 551.6724358873258, 'x': 882.3343348380456, 'index': 44, 'vy': -0.0028226147326422726, 'vx': 0.00782671598172635, 'weight': 40}","{'name': '@@maybe_h', 'y': 696.9707243476183, 'x': 886.2362653443695, 'index': 51, 'vy': 0.0001801513437205568, 'vx': 0.01333448982709364, 'weight': 1}",75
"{'name': 'handle_keyboard', 'y': 551.6724358873258, 'x': 882.3343348380456, 'index': 44, 'vy': -0.0028226147326422726, 'vx': 0.00782671598172635, 'weight': 40}","{'name': 'change_dir_up', 'y': 479.09793720534003, 'x': 971.8823034885357, 'index': 52, 'vy': -0.006683102771369071, 'vx': 0.005398158641308193, 'weight': 3}",76
"{'name': 'handle_keyboard', 'y': 551.6724358873258, 'x': 882.3343348380456, 'index': 44, 'vy': -0.0028226147326422726, 'vx': 0.00782671598172635, 'weight': 40}","{'name': '@@check', 'y': 612.8252496600339, 'x': 895.768099940525, 'index': 49, 'vy': -0.003985315806683105, 'vx': 0.01149708886367067, 'weight': 9}",77
"{'name': 'handle_keyboard', 'y': 551.6724358873258, 'x': 882.3343348380456, 'index': 44, 'vy': -0.0028226147326422726, 'vx': 0.00782671598172635, 'weight': 40}","{'name': '@@maybe_h:', 'y': 631.5080801790496, 'x': 827.4251473392286, 'index': 53, 'vy': 0.003846532806231224, 'vx': 0.006763332823879739, 'weight': 1}",78
"{'name': 'handle_keyboard', 'y': 551.6724358873258, 'x': 882.3343348380456, 'index': 44, 'vy': -0.0028226147326422726, 'vx': 0.00782671598172635, 'weight': 40}","{'name': '@@maybe_l', 'y': 629.6783647324161, 'x': 987.0882125241262, 'index': 54, 'vy': -0.007755553034704135, 'vx': 0.01150377385840025, 'weight': 1}",79
"{'name': 'handle_keyboard', 'y': 551.6724358873258, 'x': 882.3343348380456, 'index': 44, 'vy': -0.0028226147326422726, 'vx': 0.00782671598172635, 'weight': 40}","{'name': 'change_dir_left', 'y': 523.3162459984698, 'x': 962.262093199089, 'index': 55, 'vy': -0.004851241293253345, 'vx': 0.009416883503539234, 'weight': 3}",80
"{'name': 'handle_keyboard', 'y': 551.6724358873258, 'x': 882.3343348380456, 'index': 44, 'vy': -0.0028226147326422726, 'vx': 0.00782671598172635, 'weight': 40}","{'name': '@@check', 'y': 612.8252496600339, 'x': 895.768099940525, 'index': 49, 'vy': -0.003985315806683105, 'vx': 0.01149708886367067, 'weight': 9}",81
"{'name': 'handle_keyboard', 'y': 551.6724358873258, 'x': 882.3343348380456, 'index': 44, 'vy': -0.0028226147326422726, 'vx': 0.00782671598172635, 'weight': 40}","{'name': '@@maybe_l:', 'y': 655.8351466761472, 'x': 903.5373850509386, 'index': 56, 'vy': -0.006685394327537561, 'vx': 0.009283291753658848, 'weight': 1}",82
"{'name': 'handle_keyboard', 'y': 551.6724358873258, 'x': 882.3343348380456, 'index': 44, 'vy': -0.0028226147326422726, 'vx': 0.00782671598172635, 'weight': 40}","{'name': '@@maybe_p', 'y': 659.1223086344958, 'x': 970.5554080187716, 'index': 57, 'vy': -0.007330745565250633, 'vx': 0.0134775962857914, 'weight': 1}",83
"{'name': 'handle_keyboard', 'y': 551.6724358873258, 'x': 882.3343348380456, 'index': 44, 'vy': -0.0028226147326422726, 'vx': 0.00782671598172635, 'weight': 40}","{'name': 'change_dir_right', 'y': 500.6004751798351, 'x': 953.9132663760736, 'index': 58, 'vy': -0.0034593218004193467, 'vx': 0.004702910981714706, 'weight': 3}",84
"{'name': 'handle_keyboard', 'y': 551.6724358873258, 'x': 882.3343348380456, 'index': 44, 'vy': -0.0028226147326422726, 'vx': 0.00782671598172635, 'weight': 40}","{'name': '@@check', 'y': 612.8252496600339, 'x': 895.768099940525, 'index': 49, 'vy': -0.003985315806683105, 'vx': 0.01149708886367067, 'weight': 9}",85
"{'name': 'handle_keyboard', 'y': 551.6724358873258, 'x': 882.3343348380456, 'index': 44, 'vy': -0.0028226147326422726, 'vx': 0.00782671598172635, 'weight': 40}","{'name': '@@maybe_p:', 'y': 672.4800843774507, 'x': 815.821792213146, 'index': 59, 'vy': -0.0008968342832748305, 'vx': 0.010341087630940762, 'weight': 1}",86
"{'name': 'handle_keyboard', 'y': 551.6724358873258, 'x': 882.3343348380456, 'index': 44, 'vy': -0.0028226147326422726, 'vx': 0.00782671598172635, 'weight': 40}","{'name': '@@maybe_space', 'y': 688.3148432275786, 'x': 948.2712456918006, 'index': 60, 'vy': -0.004033834956939776, 'vx': 0.012812375472767916, 'weight': 1}",87
"{'name': 'handle_keyboard', 'y': 551.6724358873258, 'x': 882.3343348380456, 'index': 44, 'vy': -0.0028226147326422726, 'vx': 0.00782671598172635, 'weight': 40}","{'name': 'pause', 'y': 465.3017628398829, 'x': 778.36542138591, 'index': 61, 'vy': 0.001675279107572284, 'vx': 0.003824504499760073, 'weight': 8}",88
"{'name': 'handle_keyboard', 'y': 551.6724358873258, 'x': 882.3343348380456, 'index': 44, 'vy': -0.0028226147326422726, 'vx': 0.00782671598172635, 'weight': 40}","{'name': '@@check', 'y': 612.8252496600339, 'x': 895.768099940525, 'index': 49, 'vy': -0.003985315806683105, 'vx': 0.01149708886367067, 'weight': 9}",89
"{'name': 'handle_keyboard', 'y': 551.6724358873258, 'x': 882.3343348380456, 'index': 44, 'vy': -0.0028226147326422726, 'vx': 0.00782671598172635, 'weight': 40}","{'name': '@@maybe_space:', 'y': 630.974015351945, 'x': 940.3912435119288, 'index': 62, 'vy': -0.006496723166741247, 'vx': 0.011778473946966432, 'weight': 1}",90
"{'name': 'handle_keyboard', 'y': 551.6724358873258, 'x': 882.3343348380456, 'index': 44, 'vy': -0.0028226147326422726, 'vx': 0.00782671598172635, 'weight': 40}","{'name': '@@maybe_plus', 'y': 620.338249204238, 'x': 795.2780797110103, 'index': 63, 'vy': -0.0009377438099955934, 'vx': 0.010680489899269124, 'weight': 1}",91
"{'name': 'handle_keyboard', 'y': 551.6724358873258, 'x': 882.3343348380456, 'index': 44, 'vy': -0.0028226147326422726, 'vx': 0.00782671598172635, 'weight': 40}","{'name': 'show_help', 'y': 574.0657866501766, 'x': 812.0248870773481, 'index': 64, 'vy': -0.0018963633606876558, 'vx': 0.008289226144005643, 'weight': 2}",92
"{'name': 'handle_keyboard', 'y': 551.6724358873258, 'x': 882.3343348380456, 'index': 44, 'vy': -0.0028226147326422726, 'vx': 0.00782671598172635, 'weight': 40}","{'name': '@@check', 'y': 612.8252496600339, 'x': 895.768099940525, 'index': 49, 'vy': -0.003985315806683105, 'vx': 0.01149708886367067, 'weight': 9}",93
"{'name': 'handle_keyboard', 'y': 551.6724358873258, 'x': 882.3343348380456, 'index': 44, 'vy': -0.0028226147326422726, 'vx': 0.00782671598172635, 'weight': 40}","{'name': '@@maybe_plus:', 'y': 662.9066111678802, 'x': 932.7665140027818, 'index': 65, 'vy': -0.00730552521931095, 'vx': 0.014121117991823553, 'weight': 1}",94
"{'name': 'handle_keyboard', 'y': 551.6724358873258, 'x': 882.3343348380456, 'index': 44, 'vy': -0.0028226147326422726, 'vx': 0.00782671598172635, 'weight': 40}","{'name': '@@maybe_minus', 'y': 592.2757120647021, 'x': 988.9886503450315, 'index': 66, 'vy': -0.0060353803263116, 'vx': 0.012173916696530692, 'weight': 1}",95
"{'name': 'handle_keyboard', 'y': 551.6724358873258, 'x': 882.3343348380456, 'index': 44, 'vy': -0.0028226147326422726, 'vx': 0.00782671598172635, 'weight': 40}","{'name': 'inc_speed', 'y': 490.84338989281974, 'x': 820.9474452747831, 'index': 67, 'vy': 0.005534581052684479, 'vx': -0.0005157193455132991, 'weight': 2}",96
"{'name': 'handle_keyboard', 'y': 551.6724358873258, 'x': 882.3343348380456, 'index': 44, 'vy': -0.0028226147326422726, 'vx': 0.00782671598172635, 'weight': 40}","{'name': '@@check', 'y': 612.8252496600339, 'x': 895.768099940525, 'index': 49, 'vy': -0.003985315806683105, 'vx': 0.01149708886367067, 'weight': 9}",97
"{'name': 'handle_keyboard', 'y': 551.6724358873258, 'x': 882.3343348380456, 'index': 44, 'vy': -0.0028226147326422726, 'vx': 0.00782671598172635, 'weight': 40}","{'name': '@@maybe_minus:', 'y': 653.4676718944202, 'x': 793.345304741943, 'index': 68, 'vy': -0.00022785524922227238, 'vx': 0.007437909441304645, 'weight': 1}",98
"{'name': 'handle_keyboard', 'y': 551.6724358873258, 'x': 882.3343348380456, 'index': 44, 'vy': -0.0028226147326422726, 'vx': 0.00782671598172635, 'weight': 40}","{'name': '@@maybe_Cc', 'y': 700.1395258870941, 'x': 914.4469297462049, 'index': 69, 'vy': -0.0028366386025454296, 'vx': 0.014782292210884555, 'weight': 1}",99
"{'name': 'handle_keyboard', 'y': 551.6724358873258, 'x': 882.3343348380456, 'index': 44, 'vy': -0.0028226147326422726, 'vx': 0.00782671598172635, 'weight': 40}","{'name': 'dec_speed', 'y': 466.425898368185, 'x': 865.5471963094645, 'index': 70, 'vy': -0.0037787841906262885, 'vx': 0.001823236246686341, 'weight': 2}",100
"{'name': 'handle_keyboard', 'y': 551.6724358873258, 'x': 882.3343348380456, 'index': 44, 'vy': -0.0028226147326422726, 'vx': 0.00782671598172635, 'weight': 40}","{'name': '@@check', 'y': 612.8252496600339, 'x': 895.768099940525, 'index': 49, 'vy': -0.003985315806683105, 'vx': 0.01149708886367067, 'weight': 9}",101
"{'name': 'handle_keyboard', 'y': 551.6724358873258, 'x': 882.3343348380456, 'index': 44, 'vy': -0.0028226147326422726, 'vx': 0.00782671598172635, 'weight': 40}","{'name': '@@maybe_Cc:', 'y': 605.5249304450643, 'x': 960.6954167440256, 'index': 71, 'vy': -0.012008578646431964, 'vx': 0.00886824696948947, 'weight': 1}",102
"{'name': 'handle_keyboard', 'y': 551.6724358873258, 'x': 882.3343348380456, 'index': 44, 'vy': -0.0028226147326422726, 'vx': 0.00782671598172635, 'weight': 40}","{'name': '@@check', 'y': 612.8252496600339, 'x': 895.768099940525, 'index': 49, 'vy': -0.003985315806683105, 'vx': 0.01149708886367067, 'weight': 9}",103
"{'name': 'handle_keyboard', 'y': 551.6724358873258, 'x': 882.3343348380456, 'index': 44, 'vy': -0.0028226147326422726, 'vx': 0.00782671598172635, 'weight': 40}","{'name': 'restore_mode_n_page', 'y': 487.6652664086558, 'x': 907.908549920188, 'index': 72, 'vy': -0.0033672870289375777, 'vx': 0.006366149160978424, 'weight': 2}",104
"{'name': 'handle_keyboard', 'y': 551.6724358873258, 'x': 882.3343348380456, 'index': 44, 'vy': -0.0028226147326422726, 'vx': 0.00782671598172635, 'weight': 40}","{'name': 'quit', 'y': 478.32480638219084, 'x': 931.8904203192245, 'index': 73, 'vy': -0.00869556597160067, 'vx': 0.008960181918579498, 'weight': 2}",105
"{'name': 'handle_keyboard', 'y': 551.6724358873258, 'x': 882.3343348380456, 'index': 44, 'vy': -0.0028226147326422726, 'vx': 0.00782671598172635, 'weight': 40}","{'name': '@@exit:', 'y': 391.80738484313645, 'x': 819.158143629933, 'index': 12, 'vy': 0.003045121999455727, 'vx': -0.00783740620204556, 'weight': 11}",106
"{'name': 'main_loop', 'y': 484.34915514544946, 'x': 1015.1489282404705, 'index': 81, 'vy': -0.011384490516744845, 'vx': 0.006626023065799592, 'weight': 6}","{'name': '@@game_loop:', 'y': 441.32251355622424, 'x': 1129.197585583375, 'index': 83, 'vy': -0.015376234042880585, 'vx': -0.0018981148766906, 'weight': 1}",107
"{'name': 'main_loop', 'y': 484.34915514544946, 'x': 1015.1489282404705, 'index': 81, 'vy': -0.011384490516744845, 'vx': 0.006626023065799592, 'weight': 6}","{'name': 'handle_keyboard', 'y': 551.6724358873258, 'x': 882.3343348380456, 'index': 44, 'vy': -0.0028226147326422726, 'vx': 0.00782671598172635, 'weight': 40}",108
"{'name': 'main_loop', 'y': 484.34915514544946, 'x': 1015.1489282404705, 'index': 81, 'vy': -0.011384490516744845, 'vx': 0.006626023065799592, 'weight': 6}","{'name': 'move_snake', 'y': 345.5265901727434, 'x': 865.3073022179638, 'index': 84, 'vy': 0.00028832282865591665, 'vx': -0.0023802077834831838, 'weight': 5}",109
"{'name': 'main_loop', 'y': 484.34915514544946, 'x': 1015.1489282404705, 'index': 81, 'vy': -0.011384490516744845, 'vx': 0.006626023065799592, 'weight': 6}","{'name': 'show_score', 'y': 541.7039719394297, 'x': 1155.1633289102774, 'index': 85, 'vy': -0.027525912081891986, 'vx': 0.020402458659072236, 'weight': 5}",110
"{'name': 'main_loop', 'y': 484.34915514544946, 'x': 1015.1489282404705, 'index': 81, 'vy': -0.011384490516744845, 'vx': 0.006626023065799592, 'weight': 6}","{'name': 'wait', 'y': 471.668415641144, 'x': 1122.052026000551, 'index': 86, 'vy': -0.012195018118164943, 'vx': 0.013354198053945623, 'weight': 1}",111
"{'name': 'main_loop', 'y': 484.34915514544946, 'x': 1015.1489282404705, 'index': 81, 'vy': -0.011384490516744845, 'vx': 0.006626023065799592, 'weight': 6}","{'name': '@@game_loop', 'y': 508.25237501600867, 'x': 1116.1428472047116, 'index': 87, 'vy': -0.006993087214246185, 'vx': 0.008976337059493083, 'weight': 1}",112
"{'name': 'init_snake', 'y': 278.8273090907037, 'x': 760.7720447229369, 'index': 88, 'vy': 0.005429189092000236, 'vx': -0.01103460007371079, 'weight': 5}","{'name': '@@fill:', 'y': 166.93500485331305, 'x': 705.223000403417, 'index': 89, 'vy': 0.0032342844167026264, 'vx': -0.008042974202925032, 'weight': 1}",113
"{'name': 'init_snake', 'y': 278.8273090907037, 'x': 760.7720447229369, 'index': 88, 'vy': 0.005429189092000236, 'vx': -0.01103460007371079, 'weight': 5}","{'name': '@@exit', 'y': 352.25178678631437, 'x': 795.733332126067, 'index': 8, 'vy': 0.009334399118432752, 'vx': -0.010675802990123934, 'weight': 8}",114
"{'name': 'init_snake', 'y': 278.8273090907037, 'x': 760.7720447229369, 'index': 88, 'vy': 0.005429189092000236, 'vx': -0.01103460007371079, 'weight': 5}","{'name': '@@fill', 'y': 151.65990135617218, 'x': 736.5688425646318, 'index': 90, 'vy': 0.006533786039816902, 'vx': -0.009282147128532614, 'weight': 1}",115
"{'name': 'init_snake', 'y': 278.8273090907037, 'x': 760.7720447229369, 'index': 88, 'vy': 0.005429189092000236, 'vx': -0.01103460007371079, 'weight': 5}","{'name': '@@exit:', 'y': 391.80738484313645, 'x': 819.158143629933, 'index': 12, 'vy': 0.003045121999455727, 'vx': -0.00783740620204556, 'weight': 11}",116
"{'name': 'prepare_map', 'y': 785.1590476616993, 'x': 519.8507965167271, 'index': 78, 'vy': 0.02309033020225177, 'vx': 0.008370094767699765, 'weight': 4}","{'name': 'draw_top_wall', 'y': 715.8599162797434, 'x': 564.4751628539932, 'index': 91, 'vy': 0.021647580258331474, 'vx': 0.006733626032012948, 'weight': 4}",117
"{'name': 'prepare_map', 'y': 785.1590476616993, 'x': 519.8507965167271, 'index': 78, 'vy': 0.02309033020225177, 'vx': 0.008370094767699765, 'weight': 4}","{'name': 'draw_bottom_wall', 'y': 729.6414327486631, 'x': 581.3815382693691, 'index': 92, 'vy': 0.023291997273859815, 'vx': 0.006882947179099782, 'weight': 4}",118
"{'name': 'prepare_map', 'y': 785.1590476616993, 'x': 519.8507965167271, 'index': 78, 'vy': 0.02309033020225177, 'vx': 0.008370094767699765, 'weight': 4}","{'name': 'draw_left_wall', 'y': 702.4312422177879, 'x': 522.7177407904169, 'index': 93, 'vy': 0.0220666505116045, 'vx': 0.0029875213076653194, 'weight': 4}",119
"{'name': 'prepare_map', 'y': 785.1590476616993, 'x': 519.8507965167271, 'index': 78, 'vy': 0.02309033020225177, 'vx': 0.008370094767699765, 'weight': 4}","{'name': 'draw_right_wall', 'y': 707.692921581436, 'x': 544.7960209431667, 'index': 94, 'vy': 0.023197098099740594, 'vx': 0.004497962843868352, 'weight': 4}",120
"{'name': 'prepare_snake', 'y': 283.5310588093404, 'x': 695.681115919625, 'index': 80, 'vy': 0.009217689268468424, 'vx': -0.01396233080597234, 'weight': 2}","{'name': 'init_snake', 'y': 278.8273090907037, 'x': 760.7720447229369, 'index': 88, 'vy': 0.005429189092000236, 'vx': -0.01103460007371079, 'weight': 5}",121
"{'name': 'prepare_snake', 'y': 283.5310588093404, 'x': 695.681115919625, 'index': 80, 'vy': 0.009217689268468424, 'vx': -0.01396233080597234, 'weight': 2}","{'name': 'draw_snake', 'y': 382.62696016835247, 'x': 737.3070429665826, 'index': 25, 'vy': 0.005429400276802644, 'vx': -0.009916560016131755, 'weight': 10}",122
"{'name': 'prepare_goods', 'y': 478.82463390902683, 'x': 603.3543963638059, 'index': 79, 'vy': 0.014076452144047244, 'vx': -0.009729652503619398, 'weight': 2}","{'name': 'draw_food', 'y': 469.91141657780435, 'x': 680.709596535213, 'index': 6, 'vy': 0.01819801778238979, 'vx': -0.0035911472112341216, 'weight': 9}",123
"{'name': 'prepare_goods', 'y': 478.82463390902683, 'x': 603.3543963638059, 'index': 79, 'vy': 0.014076452144047244, 'vx': -0.009729652503619398, 'weight': 2}","{'name': 'draw_pois', 'y': 456.7389837269136, 'x': 696.959175406665, 'index': 13, 'vy': 0.01184347537761066, 'vx': -0.009541666605464332, 'weight': 6}",124
"{'name': 'move_snake', 'y': 345.5265901727434, 'x': 865.3073022179638, 'index': 84, 'vy': 0.00028832282865591665, 'vx': -0.0023802077834831838, 'weight': 5}","{'name': 'empty_tail', 'y': 323.5209043679072, 'x': 777.6999896806868, 'index': 30, 'vy': 0.009551823807185696, 'vx': -0.010582704202289819, 'weight': 3}",125
"{'name': 'move_snake', 'y': 345.5265901727434, 'x': 865.3073022179638, 'index': 84, 'vy': 0.00028832282865591665, 'vx': -0.0023802077834831838, 'weight': 5}","{'name': 'update_coords', 'y': 181.0937910185838, 'x': 924.8886613932723, 'index': 23, 'vy': -0.0013795357521594442, 'vx': -0.01078033580290474, 'weight': 5}",126
"{'name': 'move_snake', 'y': 345.5265901727434, 'x': 865.3073022179638, 'index': 84, 'vy': 0.00028832282865591665, 'vx': -0.0023802077834831838, 'weight': 5}","{'name': 'draw_snake', 'y': 382.62696016835247, 'x': 737.3070429665826, 'index': 25, 'vy': 0.005429400276802644, 'vx': -0.009916560016131755, 'weight': 10}",127
"{'name': 'move_snake', 'y': 345.5265901727434, 'x': 865.3073022179638, 'index': 84, 'vy': 0.00028832282865591665, 'vx': -0.0023802077834831838, 'weight': 5}","{'name': 'step_beep', 'y': 311.3934676336768, 'x': 684.2491186686283, 'index': 34, 'vy': 0.007387439506286201, 'vx': -0.014003737893951, 'weight': 2}",128
"{'name': 'update_coords', 'y': 181.0937910185838, 'x': 924.8886613932723, 'index': 23, 'vy': -0.0013795357521594442, 'vx': -0.01078033580290474, 'weight': 5}","{'name': 'update_head', 'y': 247.64570213890877, 'x': 901.2829761256835, 'index': 95, 'vy': -0.003937686046336369, 'vx': -0.006633508730561664, 'weight': 6}",129
"{'name': 'update_coords', 'y': 181.0937910185838, 'x': 924.8886613932723, 'index': 23, 'vy': -0.0013795357521594442, 'vx': -0.01078033580290474, 'weight': 5}","{'name': 'update_array', 'y': 75.85928536105318, 'x': 1048.8524136150081, 'index': 96, 'vy': -0.006326742146508723, 'vx': -0.008277799655992572, 'weight': 5}",130
"{'name': 'update_coords', 'y': 181.0937910185838, 'x': 924.8886613932723, 'index': 23, 'vy': -0.0013795357521594442, 'vx': -0.01078033580290474, 'weight': 5}","{'name': 'update_tail', 'y': 128.3478786734989, 'x': 859.6438366533748, 'index': 29, 'vy': -0.0013305272050033983, 'vx': -0.012606844815225676, 'weight': 2}",131
"{'name': 'update_head', 'y': 247.64570213890877, 'x': 901.2829761256835, 'index': 95, 'vy': -0.003937686046336369, 'vx': -0.006633508730561664, 'weight': 6}","{'name': 'wall_check', 'y': 345.33791420345136, 'x': 925.3586673262636, 'index': 97, 'vy': -0.002765292421510676, 'vx': -0.005869407550038037, 'weight': 9}",132
"{'name': 'update_head', 'y': 247.64570213890877, 'x': 901.2829761256835, 'index': 95, 'vy': -0.003937686046336369, 'vx': -0.006633508730561664, 'weight': 6}","{'name': 'cut_check', 'y': 314.1205615933391, 'x': 901.2266385269804, 'index': 98, 'vy': -0.002741149137843463, 'vx': -0.007686896577668356, 'weight': 18}",133
"{'name': 'update_head', 'y': 247.64570213890877, 'x': 901.2829761256835, 'index': 95, 'vy': -0.003937686046336369, 'vx': -0.006633508730561664, 'weight': 6}","{'name': 'food_check', 'y': 272.1522700597537, 'x': 817.7282480179213, 'index': 15, 'vy': 0.0008378263278661702, 'vx': -0.012215852228243224, 'weight': 14}",134
"{'name': 'update_head', 'y': 247.64570213890877, 'x': 901.2829761256835, 'index': 95, 'vy': -0.003937686046336369, 'vx': -0.006633508730561664, 'weight': 6}","{'name': 'pois_check', 'y': 250.63827391094821, 'x': 808.4928718605373, 'index': 26, 'vy': 0.0015228879624538864, 'vx': -0.012129088342277503, 'weight': 14}",135
"{'name': 'update_array', 'y': 75.85928536105318, 'x': 1048.8524136150081, 'index': 96, 'vy': -0.006326742146508723, 'vx': -0.008277799655992572, 'weight': 5}","{'name': '@@filling_loop:', 'y': -5.820496851946509, 'x': 1081.486147119844, 'index': 99, 'vy': -0.007892783191056284, 'vx': -0.007790486198837313, 'weight': 1}",136
"{'name': 'update_array', 'y': 75.85928536105318, 'x': 1048.8524136150081, 'index': 96, 'vy': -0.006326742146508723, 'vx': -0.008277799655992572, 'weight': 5}","{'name': '@@write_head', 'y': 13.721941465689163, 'x': 1118.3641849044768, 'index': 100, 'vy': -0.008144891371959423, 'vx': -0.006526493884130479, 'weight': 1}",137
"{'name': 'update_array', 'y': 75.85928536105318, 'x': 1048.8524136150081, 'index': 96, 'vy': -0.006326742146508723, 'vx': -0.008277799655992572, 'weight': 5}","{'name': '@@filling_loop', 'y': 76.75510309532774, 'x': 1147.2270351867069, 'index': 101, 'vy': -0.007298821611738976, 'vx': -0.004972756217905219, 'weight': 1}",138
"{'name': 'update_array', 'y': 75.85928536105318, 'x': 1048.8524136150081, 'index': 96, 'vy': -0.006326742146508723, 'vx': -0.008277799655992572, 'weight': 5}","{'name': '@@write_head:', 'y': 41.139261496602, 'x': 1142.7479814009123, 'index': 102, 'vy': -0.00745471611731765, 'vx': -0.0067402724036031356, 'weight': 1}",139
"{'name': 'cut_check', 'y': 314.1205615933391, 'x': 901.2266385269804, 'index': 98, 'vy': -0.002741149137843463, 'vx': -0.007686896577668356, 'weight': 18}","{'name': '@@checking_loop:', 'y': 234.75366807223736, 'x': 879.7160688399498, 'index': 16, 'vy': 0.0024441694624035004, 'vx': -0.01391069295783931, 'weight': 3}",140
"{'name': 'cut_check', 'y': 314.1205615933391, 'x': 901.2266385269804, 'index': 98, 'vy': -0.002741149137843463, 'vx': -0.007686896577668356, 'weight': 18}","{'name': '@@exit', 'y': 352.25178678631437, 'x': 795.733332126067, 'index': 8, 'vy': 0.009334399118432752, 'vx': -0.010675802990123934, 'weight': 8}",141
"{'name': 'cut_check', 'y': 314.1205615933391, 'x': 901.2266385269804, 'index': 98, 'vy': -0.002741149137843463, 'vx': -0.007686896577668356, 'weight': 18}","{'name': '@@continue', 'y': 214.51040780257716, 'x': 856.0683149886847, 'index': 17, 'vy': -0.005792289794167571, 'vx': -0.013717346709003604, 'weight': 5}",142
"{'name': 'cut_check', 'y': 314.1205615933391, 'x': 901.2266385269804, 'index': 98, 'vy': -0.002741149137843463, 'vx': -0.007686896577668356, 'weight': 18}","{'name': '@@cut', 'y': 226.65479896828293, 'x': 1012.845706131145, 'index': 103, 'vy': -0.006928827863987244, 'vx': -0.005562607913397403, 'weight': 1}",143
"{'name': 'cut_check', 'y': 314.1205615933391, 'x': 901.2266385269804, 'index': 98, 'vy': -0.002741149137843463, 'vx': -0.007686896577668356, 'weight': 18}","{'name': '@@continue:', 'y': 337.9254823289127, 'x': 826.1059820656765, 'index': 19, 'vy': 0.0001455661245867601, 'vx': -0.005764014445851269, 'weight': 5}",144
"{'name': 'cut_check', 'y': 314.1205615933391, 'x': 901.2266385269804, 'index': 98, 'vy': -0.002741149137843463, 'vx': -0.007686896577668356, 'weight': 18}","{'name': '@@checking_loop', 'y': 213.16987698799798, 'x': 880.6887646279496, 'index': 20, 'vy': -0.00041190469031288367, 'vx': -0.009476335292125862, 'weight': 3}",145
"{'name': 'cut_check', 'y': 314.1205615933391, 'x': 901.2266385269804, 'index': 98, 'vy': -0.002741149137843463, 'vx': -0.007686896577668356, 'weight': 18}","{'name': '@@cut:', 'y': 307.08386527136423, 'x': 1014.2433520747145, 'index': 104, 'vy': -0.00547717669907041, 'vx': -0.007012701838888174, 'weight': 1}",146
"{'name': 'cut_check', 'y': 314.1205615933391, 'x': 901.2266385269804, 'index': 98, 'vy': -0.002741149137843463, 'vx': -0.007686896577668356, 'weight': 18}","{'name': '@@die', 'y': 286.71571479063135, 'x': 974.6142226900479, 'index': 105, 'vy': -0.006710235852277901, 'vx': -0.01046470307698343, 'weight': 2}",147
"{'name': 'cut_check', 'y': 314.1205615933391, 'x': 901.2266385269804, 'index': 98, 'vy': -0.002741149137843463, 'vx': -0.007686896577668356, 'weight': 18}","{'name': '@@cutting_loop:', 'y': 286.16939961451715, 'x': 1035.450553645017, 'index': 106, 'vy': -0.004434869766529762, 'vx': -0.0052985537942423664, 'weight': 1}",148
"{'name': 'cut_check', 'y': 314.1205615933391, 'x': 901.2266385269804, 'index': 98, 'vy': -0.002741149137843463, 'vx': -0.007686896577668356, 'weight': 18}","{'name': '@@stop_cutting', 'y': 256.67372722325376, 'x': 1034.7796519076198, 'index': 107, 'vy': -0.004954051416739013, 'vx': -0.005633025413758359, 'weight': 1}",149
"{'name': 'cut_check', 'y': 314.1205615933391, 'x': 901.2266385269804, 'index': 98, 'vy': -0.002741149137843463, 'vx': -0.007686896577668356, 'weight': 18}","{'name': 'empty_cell', 'y': 428.3234140322357, 'x': 747.2845326486115, 'index': 14, 'vy': 0.013136230064739508, 'vx': -0.008675527356292812, 'weight': 4}",150
"{'name': 'cut_check', 'y': 314.1205615933391, 'x': 901.2266385269804, 'index': 98, 'vy': -0.002741149137843463, 'vx': -0.007686896577668356, 'weight': 18}","{'name': '@@cutting_loop', 'y': 201.80106438780658, 'x': 982.7992879144623, 'index': 108, 'vy': -0.0065914369723370945, 'vx': -0.00884055244024918, 'weight': 1}",151
"{'name': 'cut_check', 'y': 314.1205615933391, 'x': 901.2266385269804, 'index': 98, 'vy': -0.002741149137843463, 'vx': -0.007686896577668356, 'weight': 18}","{'name': '@@stop_cutting:', 'y': 255.06740253117255, 'x': 996.801114460154, 'index': 109, 'vy': -0.004867065420837616, 'vx': -0.005773878018387143, 'weight': 1}",152
"{'name': 'cut_check', 'y': 314.1205615933391, 'x': 901.2266385269804, 'index': 98, 'vy': -0.002741149137843463, 'vx': -0.007686896577668356, 'weight': 18}","{'name': '@@die', 'y': 286.71571479063135, 'x': 974.6142226900479, 'index': 105, 'vy': -0.006710235852277901, 'vx': -0.01046470307698343, 'weight': 2}",153
"{'name': 'cut_check', 'y': 314.1205615933391, 'x': 901.2266385269804, 'index': 98, 'vy': -0.002741149137843463, 'vx': -0.007686896577668356, 'weight': 18}","{'name': '@@exit:', 'y': 391.80738484313645, 'x': 819.158143629933, 'index': 12, 'vy': 0.003045121999455727, 'vx': -0.00783740620204556, 'weight': 11}",154
"{'name': 'cut_check', 'y': 314.1205615933391, 'x': 901.2266385269804, 'index': 98, 'vy': -0.002741149137843463, 'vx': -0.007686896577668356, 'weight': 18}","{'name': '@@die:', 'y': 227.29785937412842, 'x': 968.7426875803444, 'index': 110, 'vy': -0.005315540925451703, 'vx': -0.005434932348899715, 'weight': 1}",155
"{'name': 'cut_check', 'y': 314.1205615933391, 'x': 901.2266385269804, 'index': 98, 'vy': -0.002741149137843463, 'vx': -0.007686896577668356, 'weight': 18}","{'name': 'game_over', 'y': 406.67374700488665, 'x': 906.3597121522936, 'index': 82, 'vy': -0.0031172710303706912, 'vx': 0.0001522701479603046, 'weight': 11}",156
"{'name': 'lengthen', 'y': 167.15079093596736, 'x': 869.2730818200793, 'index': 24, 'vy': -0.0029858668835027525, 'vx': -0.014312659194636897, 'weight': 2}","{'name': 'update_head', 'y': 247.64570213890877, 'x': 901.2829761256835, 'index': 95, 'vy': -0.003937686046336369, 'vx': -0.006633508730561664, 'weight': 6}",157
"{'name': 'shorten', 'y': 302.7095610879673, 'x': 879.4187635511252, 'index': 28, 'vy': -1.066063332607614e-05, 'vx': -0.010897822608204438, 'weight': 3}","{'name': 'game_over', 'y': 406.67374700488665, 'x': 906.3597121522936, 'index': 82, 'vy': -0.0031172710303706912, 'vx': 0.0001522701479603046, 'weight': 11}",158
"{'name': 'shorten', 'y': 302.7095610879673, 'x': 879.4187635511252, 'index': 28, 'vy': -1.066063332607614e-05, 'vx': -0.010897822608204438, 'weight': 3}","{'name': '@@continue:', 'y': 337.9254823289127, 'x': 826.1059820656765, 'index': 19, 'vy': 0.0001455661245867601, 'vx': -0.005764014445851269, 'weight': 5}",159
"{'name': 'draw_snake', 'y': 382.62696016835247, 'x': 737.3070429665826, 'index': 25, 'vy': 0.005429400276802644, 'vx': -0.009916560016131755, 'weight': 10}","{'name': '@@drawing_loop:', 'y': 401.48827568261606, 'x': 654.0472222410847, 'index': 7, 'vy': 0.01751459341770455, 'vx': -0.016154921251175174, 'weight': 3}",160
"{'name': 'draw_snake', 'y': 382.62696016835247, 'x': 737.3070429665826, 'index': 25, 'vy': 0.005429400276802644, 'vx': -0.009916560016131755, 'weight': 10}","{'name': '@@exit', 'y': 352.25178678631437, 'x': 795.733332126067, 'index': 8, 'vy': 0.009334399118432752, 'vx': -0.010675802990123934, 'weight': 8}",161
"{'name': 'draw_snake', 'y': 382.62696016835247, 'x': 737.3070429665826, 'index': 25, 'vy': 0.005429400276802644, 'vx': -0.009916560016131755, 'weight': 10}","{'name': 'draw_body', 'y': 509.6040122658761, 'x': 632.3106200726589, 'index': 5, 'vy': 0.016594730373042686, 'vx': -0.005888757073703182, 'weight': 3}",162
"{'name': 'draw_snake', 'y': 382.62696016835247, 'x': 737.3070429665826, 'index': 25, 'vy': 0.005429400276802644, 'vx': -0.009916560016131755, 'weight': 10}","{'name': '@@drawing_loop', 'y': 423.01675036363775, 'x': 634.3092812747402, 'index': 10, 'vy': 0.018985114568331584, 'vx': -0.011956354302622688, 'weight': 4}",163
"{'name': 'draw_snake', 'y': 382.62696016835247, 'x': 737.3070429665826, 'index': 25, 'vy': 0.005429400276802644, 'vx': -0.009916560016131755, 'weight': 10}","{'name': '@@exit:', 'y': 391.80738484313645, 'x': 819.158143629933, 'index': 12, 'vy': 0.003045121999455727, 'vx': -0.00783740620204556, 'weight': 11}",164
"{'name': 'draw_snake', 'y': 382.62696016835247, 'x': 737.3070429665826, 'index': 25, 'vy': 0.005429400276802644, 'vx': -0.009916560016131755, 'weight': 10}","{'name': 'draw_head', 'y': 521.8686721824774, 'x': 653.1811821195827, 'index': 4, 'vy': 0.014913382270292846, 'vx': -0.0035061419953463847, 'weight': 3}",165
"{'name': 'empty_tail', 'y': 323.5209043679072, 'x': 777.6999896806868, 'index': 30, 'vy': 0.009551823807185696, 'vx': -0.010582704202289819, 'weight': 3}","{'name': 'empty_cell', 'y': 428.3234140322357, 'x': 747.2845326486115, 'index': 14, 'vy': 0.013136230064739508, 'vx': -0.008675527356292812, 'weight': 4}",166
"{'name': 'inc_speed', 'y': 490.84338989281974, 'x': 820.9474452747831, 'index': 67, 'vy': 0.005534581052684479, 'vx': -0.0005157193455132991, 'weight': 2}","{'name': '@@exit:', 'y': 391.80738484313645, 'x': 819.158143629933, 'index': 12, 'vy': 0.003045121999455727, 'vx': -0.00783740620204556, 'weight': 11}",167
"{'name': 'dec_speed', 'y': 466.425898368185, 'x': 865.5471963094645, 'index': 70, 'vy': -0.0037787841906262885, 'vx': 0.001823236246686341, 'weight': 2}","{'name': '@@exit:', 'y': 391.80738484313645, 'x': 819.158143629933, 'index': 12, 'vy': 0.003045121999455727, 'vx': -0.00783740620204556, 'weight': 11}",168
"{'name': 'change_dir_down', 'y': 503.24736895861406, 'x': 976.9264207865754, 'index': 48, 'vy': -0.007331461086338503, 'vx': 0.0071372660690680306, 'weight': 3}","{'name': 'game_over', 'y': 406.67374700488665, 'x': 906.3597121522936, 'index': 82, 'vy': -0.0031172710303706912, 'vx': 0.0001522701479603046, 'weight': 11}",169
"{'name': 'change_dir_down', 'y': 503.24736895861406, 'x': 976.9264207865754, 'index': 48, 'vy': -0.007331461086338503, 'vx': 0.0071372660690680306, 'weight': 3}","{'name': '@@change_dir:', 'y': 534.7150318778654, 'x': 1047.490257620066, 'index': 111, 'vy': -0.008490617737043404, 'vx': 0.011290782453024692, 'weight': 4}",170
"{'name': 'change_dir_up', 'y': 479.09793720534003, 'x': 971.8823034885357, 'index': 52, 'vy': -0.006683102771369071, 'vx': 0.005398158641308193, 'weight': 3}","{'name': 'game_over', 'y': 406.67374700488665, 'x': 906.3597121522936, 'index': 82, 'vy': -0.0031172710303706912, 'vx': 0.0001522701479603046, 'weight': 11}",171
"{'name': 'change_dir_up', 'y': 479.09793720534003, 'x': 971.8823034885357, 'index': 52, 'vy': -0.006683102771369071, 'vx': 0.005398158641308193, 'weight': 3}","{'name': '@@change_dir:', 'y': 534.7150318778654, 'x': 1047.490257620066, 'index': 111, 'vy': -0.008490617737043404, 'vx': 0.011290782453024692, 'weight': 4}",172
"{'name': 'change_dir_right', 'y': 500.6004751798351, 'x': 953.9132663760736, 'index': 58, 'vy': -0.0034593218004193467, 'vx': 0.004702910981714706, 'weight': 3}","{'name': 'game_over', 'y': 406.67374700488665, 'x': 906.3597121522936, 'index': 82, 'vy': -0.0031172710303706912, 'vx': 0.0001522701479603046, 'weight': 11}",173
"{'name': 'change_dir_right', 'y': 500.6004751798351, 'x': 953.9132663760736, 'index': 58, 'vy': -0.0034593218004193467, 'vx': 0.004702910981714706, 'weight': 3}","{'name': '@@change_dir:', 'y': 534.7150318778654, 'x': 1047.490257620066, 'index': 111, 'vy': -0.008490617737043404, 'vx': 0.011290782453024692, 'weight': 4}",174
"{'name': 'change_dir_left', 'y': 523.3162459984698, 'x': 962.262093199089, 'index': 55, 'vy': -0.004851241293253345, 'vx': 0.009416883503539234, 'weight': 3}","{'name': 'game_over', 'y': 406.67374700488665, 'x': 906.3597121522936, 'index': 82, 'vy': -0.0031172710303706912, 'vx': 0.0001522701479603046, 'weight': 11}",175
"{'name': 'change_dir_left', 'y': 523.3162459984698, 'x': 962.262093199089, 'index': 55, 'vy': -0.004851241293253345, 'vx': 0.009416883503539234, 'weight': 3}","{'name': '@@change_dir:', 'y': 534.7150318778654, 'x': 1047.490257620066, 'index': 111, 'vy': -0.008490617737043404, 'vx': 0.011290782453024692, 'weight': 4}",176
"{'name': 'pause', 'y': 465.3017628398829, 'x': 778.36542138591, 'index': 61, 'vy': 0.001675279107572284, 'vx': 0.003824504499760073, 'weight': 8}","{'name': 'pause_beep', 'y': 368.067124574156, 'x': 620.6212212875246, 'index': 35, 'vy': -0.0003411227952227924, 'vx': -0.004872413180857529, 'weight': 5}",177
"{'name': 'pause', 'y': 465.3017628398829, 'x': 778.36542138591, 'index': 61, 'vy': 0.001675279107572284, 'vx': 0.003824504499760073, 'weight': 8}","{'name': 'wait_for_key', 'y': 490.4371944188051, 'x': 850.5021872673733, 'index': 112, 'vy': -0.004559103385258103, 'vx': 0.0033201247772202567, 'weight': 3}",178
"{'name': 'pause', 'y': 465.3017628398829, 'x': 778.36542138591, 'index': 61, 'vy': 0.001675279107572284, 'vx': 0.003824504499760073, 'weight': 8}","{'name': '@@erase_text:', 'y': 553.4245391312445, 'x': 704.2631411101459, 'index': 113, 'vy': 0.006893725861289206, 'vx': 0.005076409061230827, 'weight': 1}",179
"{'name': 'pause', 'y': 465.3017628398829, 'x': 778.36542138591, 'index': 61, 'vy': 0.001675279107572284, 'vx': 0.003824504499760073, 'weight': 8}","{'name': 'empty_cell', 'y': 428.3234140322357, 'x': 747.2845326486115, 'index': 14, 'vy': 0.013136230064739508, 'vx': -0.008675527356292812, 'weight': 4}",180
"{'name': 'pause', 'y': 465.3017628398829, 'x': 778.36542138591, 'index': 61, 'vy': 0.001675279107572284, 'vx': 0.003824504499760073, 'weight': 8}","{'name': '@@erase_text', 'y': 568.4091750081931, 'x': 730.5109011500616, 'index': 114, 'vy': 0.0026007282024962256, 'vx': 0.007737059996571292, 'weight': 1}",181
"{'name': 'pause', 'y': 465.3017628398829, 'x': 778.36542138591, 'index': 61, 'vy': 0.001675279107572284, 'vx': 0.003824504499760073, 'weight': 8}","{'name': '@@continue:', 'y': 337.9254823289127, 'x': 826.1059820656765, 'index': 19, 'vy': 0.0001455661245867601, 'vx': -0.005764014445851269, 'weight': 5}",182
"{'name': 'pause', 'y': 465.3017628398829, 'x': 778.36542138591, 'index': 61, 'vy': 0.001675279107572284, 'vx': 0.003824504499760073, 'weight': 8}","{'name': 'draw_snake', 'y': 382.62696016835247, 'x': 737.3070429665826, 'index': 25, 'vy': 0.005429400276802644, 'vx': -0.009916560016131755, 'weight': 10}",183
"{'name': 'show_help', 'y': 574.0657866501766, 'x': 812.0248870773481, 'index': 64, 'vy': -0.0018963633606876558, 'vx': 0.008289226144005643, 'weight': 2}","{'name': 'wait_for_key', 'y': 490.4371944188051, 'x': 850.5021872673733, 'index': 112, 'vy': -0.004559103385258103, 'vx': 0.0033201247772202567, 'weight': 3}",184
"{'name': 'game_over', 'y': 406.67374700488665, 'x': 906.3597121522936, 'index': 82, 'vy': -0.0031172710303706912, 'vx': 0.0001522701479603046, 'weight': 11}","{'name': 'game_over_beep', 'y': 328.21336913516376, 'x': 695.0431316853967, 'index': 36, 'vy': 0.0002893969219537995, 'vx': -0.00555839807760069, 'weight': 4}",185
"{'name': 'game_over', 'y': 406.67374700488665, 'x': 906.3597121522936, 'index': 82, 'vy': -0.0031172710303706912, 'vx': 0.0001522701479603046, 'weight': 11}","{'name': 'wait_for_key', 'y': 490.4371944188051, 'x': 850.5021872673733, 'index': 112, 'vy': -0.004559103385258103, 'vx': 0.0033201247772202567, 'weight': 3}",186
"{'name': 'game_over', 'y': 406.67374700488665, 'x': 906.3597121522936, 'index': 82, 'vy': -0.0031172710303706912, 'vx': 0.0001522701479603046, 'weight': 11}","{'name': 'restore_mode_n_page', 'y': 487.6652664086558, 'x': 907.908549920188, 'index': 72, 'vy': -0.0033672870289375777, 'vx': 0.006366149160978424, 'weight': 2}",187
"{'name': 'game_over', 'y': 406.67374700488665, 'x': 906.3597121522936, 'index': 82, 'vy': -0.0031172710303706912, 'vx': 0.0001522701479603046, 'weight': 11}","{'name': 'quit', 'y': 478.32480638219084, 'x': 931.8904203192245, 'index': 73, 'vy': -0.00869556597160067, 'vx': 0.008960181918579498, 'weight': 2}",188
"{'name': 'show_score', 'y': 541.7039719394297, 'x': 1155.1633289102774, 'index': 85, 'vy': -0.027525912081891986, 'vx': 0.020402458659072236, 'weight': 5}","{'name': '@@1:', 'y': 632.6000558644322, 'x': 1176.2970397634203, 'index': 115, 'vy': -0.029495831594421512, 'vx': 0.02622060257604349, 'weight': 1}",189
"{'name': 'show_score', 'y': 541.7039719394297, 'x': 1155.1633289102774, 'index': 85, 'vy': -0.027525912081891986, 'vx': 0.020402458659072236, 'weight': 5}","{'name': '@@1', 'y': 598.7862865277976, 'x': 1215.8585213979911, 'index': 116, 'vy': -0.035881621101544456, 'vx': 0.030196656073464376, 'weight': 1}",190
"{'name': 'show_score', 'y': 541.7039719394297, 'x': 1155.1633289102774, 'index': 85, 'vy': -0.027525912081891986, 'vx': 0.020402458659072236, 'weight': 5}","{'name': '@@2:', 'y': 501.63680362518335, 'x': 1246.6849942530268, 'index': 117, 'vy': -0.03186948179152925, 'vx': 0.0189260272503445, 'weight': 1}",191
"{'name': 'show_score', 'y': 541.7039719394297, 'x': 1155.1633289102774, 'index': 85, 'vy': -0.027525912081891986, 'vx': 0.020402458659072236, 'weight': 5}","{'name': '@@2', 'y': 546.8498551199465, 'x': 1244.1648026717487, 'index': 118, 'vy': -0.03335919007499896, 'vx': 0.023759599757519897, 'weight': 1}",192
"{'name': 'draw_top_wall', 'y': 715.8599162797434, 'x': 564.4751628539932, 'index': 91, 'vy': 0.021647580258331474, 'vx': 0.006733626032012948, 'weight': 4}","{'name': '@@draw_block:', 'y': 765.2403044212938, 'x': 494.65991442193564, 'index': 119, 'vy': 0.022183548092070394, 'vx': 0.00675485707581362, 'weight': 4}",193
"{'name': 'draw_top_wall', 'y': 715.8599162797434, 'x': 564.4751628539932, 'index': 91, 'vy': 0.021647580258331474, 'vx': 0.006733626032012948, 'weight': 4}","{'name': 'draw_cell', 'y': 592.2488307696478, 'x': 610.100938114732, 'index': 0, 'vy': 0.01706785024268764, 'vx': 0.0008880439233004855, 'weight': 14}",194
"{'name': 'draw_top_wall', 'y': 715.8599162797434, 'x': 564.4751628539932, 'index': 91, 'vy': 0.021647580258331474, 'vx': 0.006733626032012948, 'weight': 4}","{'name': '@@draw_block', 'y': 792.8262885939948, 'x': 550.2475354417074, 'index': 120, 'vy': 0.02422384634695949, 'vx': 0.009963519299284953, 'weight': 4}",195
"{'name': 'draw_bottom_wall', 'y': 729.6414327486631, 'x': 581.3815382693691, 'index': 92, 'vy': 0.023291997273859815, 'vx': 0.006882947179099782, 'weight': 4}","{'name': '@@draw_block:', 'y': 765.2403044212938, 'x': 494.65991442193564, 'index': 119, 'vy': 0.022183548092070394, 'vx': 0.00675485707581362, 'weight': 4}",196
"{'name': 'draw_bottom_wall', 'y': 729.6414327486631, 'x': 581.3815382693691, 'index': 92, 'vy': 0.023291997273859815, 'vx': 0.006882947179099782, 'weight': 4}","{'name': 'draw_cell', 'y': 592.2488307696478, 'x': 610.100938114732, 'index': 0, 'vy': 0.01706785024268764, 'vx': 0.0008880439233004855, 'weight': 14}",197
"{'name': 'draw_bottom_wall', 'y': 729.6414327486631, 'x': 581.3815382693691, 'index': 92, 'vy': 0.023291997273859815, 'vx': 0.006882947179099782, 'weight': 4}","{'name': '@@draw_block', 'y': 792.8262885939948, 'x': 550.2475354417074, 'index': 120, 'vy': 0.02422384634695949, 'vx': 0.009963519299284953, 'weight': 4}",198
"{'name': 'draw_left_wall', 'y': 702.4312422177879, 'x': 522.7177407904169, 'index': 93, 'vy': 0.0220666505116045, 'vx': 0.0029875213076653194, 'weight': 4}","{'name': '@@draw_block:', 'y': 765.2403044212938, 'x': 494.65991442193564, 'index': 119, 'vy': 0.022183548092070394, 'vx': 0.00675485707581362, 'weight': 4}",199
"{'name': 'draw_left_wall', 'y': 702.4312422177879, 'x': 522.7177407904169, 'index': 93, 'vy': 0.0220666505116045, 'vx': 0.0029875213076653194, 'weight': 4}","{'name': 'draw_cell', 'y': 592.2488307696478, 'x': 610.100938114732, 'index': 0, 'vy': 0.01706785024268764, 'vx': 0.0008880439233004855, 'weight': 14}",200
"{'name': 'draw_left_wall', 'y': 702.4312422177879, 'x': 522.7177407904169, 'index': 93, 'vy': 0.0220666505116045, 'vx': 0.0029875213076653194, 'weight': 4}","{'name': '@@draw_block', 'y': 792.8262885939948, 'x': 550.2475354417074, 'index': 120, 'vy': 0.02422384634695949, 'vx': 0.009963519299284953, 'weight': 4}",201
"{'name': 'draw_right_wall', 'y': 707.692921581436, 'x': 544.7960209431667, 'index': 94, 'vy': 0.023197098099740594, 'vx': 0.004497962843868352, 'weight': 4}","{'name': '@@draw_block:', 'y': 765.2403044212938, 'x': 494.65991442193564, 'index': 119, 'vy': 0.022183548092070394, 'vx': 0.00675485707581362, 'weight': 4}",202
"{'name': 'draw_right_wall', 'y': 707.692921581436, 'x': 544.7960209431667, 'index': 94, 'vy': 0.023197098099740594, 'vx': 0.004497962843868352, 'weight': 4}","{'name': 'draw_cell', 'y': 592.2488307696478, 'x': 610.100938114732, 'index': 0, 'vy': 0.01706785024268764, 'vx': 0.0008880439233004855, 'weight': 14}",203
"{'name': 'draw_right_wall', 'y': 707.692921581436, 'x': 544.7960209431667, 'index': 94, 'vy': 0.023197098099740594, 'vx': 0.004497962843868352, 'weight': 4}","{'name': '@@draw_block', 'y': 792.8262885939948, 'x': 550.2475354417074, 'index': 120, 'vy': 0.02422384634695949, 'vx': 0.009963519299284953, 'weight': 4}",204
"{'name': 'wall_check', 'y': 345.33791420345136, 'x': 925.3586673262636, 'index': 97, 'vy': -0.002765292421510676, 'vx': -0.005869407550038037, 'weight': 9}","{'name': '@@game_over', 'y': 350.54410199203517, 'x': 1002.20639146881, 'index': 121, 'vy': -0.00832769105802243, 'vx': -0.006435210430200375, 'weight': 4}",205
"{'name': 'wall_check', 'y': 345.33791420345136, 'x': 925.3586673262636, 'index': 97, 'vy': -0.002765292421510676, 'vx': -0.005869407550038037, 'weight': 9}","{'name': '@@game_over', 'y': 350.54410199203517, 'x': 1002.20639146881, 'index': 121, 'vy': -0.00832769105802243, 'vx': -0.006435210430200375, 'weight': 4}",206
"{'name': 'wall_check', 'y': 345.33791420345136, 'x': 925.3586673262636, 'index': 97, 'vy': -0.002765292421510676, 'vx': -0.005869407550038037, 'weight': 9}","{'name': '@@game_over', 'y': 350.54410199203517, 'x': 1002.20639146881, 'index': 121, 'vy': -0.00832769105802243, 'vx': -0.006435210430200375, 'weight': 4}",207
"{'name': 'wall_check', 'y': 345.33791420345136, 'x': 925.3586673262636, 'index': 97, 'vy': -0.002765292421510676, 'vx': -0.005869407550038037, 'weight': 9}","{'name': '@@game_over', 'y': 350.54410199203517, 'x': 1002.20639146881, 'index': 121, 'vy': -0.00832769105802243, 'vx': -0.006435210430200375, 'weight': 4}",208
"{'name': 'wall_check', 'y': 345.33791420345136, 'x': 925.3586673262636, 'index': 97, 'vy': -0.002765292421510676, 'vx': -0.005869407550038037, 'weight': 9}","{'name': '@@exit', 'y': 352.25178678631437, 'x': 795.733332126067, 'index': 8, 'vy': 0.009334399118432752, 'vx': -0.010675802990123934, 'weight': 8}",209
"{'name': 'wall_check', 'y': 345.33791420345136, 'x': 925.3586673262636, 'index': 97, 'vy': -0.002765292421510676, 'vx': -0.005869407550038037, 'weight': 9}","{'name': '@@game_over:', 'y': 337.12205140053396, 'x': 1058.645793107891, 'index': 122, 'vy': -0.006207801890754723, 'vx': -0.006365946281395007, 'weight': 1}",210
"{'name': 'wall_check', 'y': 345.33791420345136, 'x': 925.3586673262636, 'index': 97, 'vy': -0.002765292421510676, 'vx': -0.005869407550038037, 'weight': 9}","{'name': 'game_over', 'y': 406.67374700488665, 'x': 906.3597121522936, 'index': 82, 'vy': -0.0031172710303706912, 'vx': 0.0001522701479603046, 'weight': 11}",211
"{'name': 'wall_check', 'y': 345.33791420345136, 'x': 925.3586673262636, 'index': 97, 'vy': -0.002765292421510676, 'vx': -0.005869407550038037, 'weight': 9}","{'name': '@@exit:', 'y': 391.80738484313645, 'x': 819.158143629933, 'index': 12, 'vy': 0.003045121999455727, 'vx': -0.00783740620204556, 'weight': 11}",212
"{'name': 'parse_args', 'y': 782.8458921078297, 'x': 1413.6651221794325, 'index': 75, 'vy': 0.011323744235345814, 'vx': -0.005127547825390366, 'weight': 37}","{'name': '@@arg_processing:', 'y': 685.0832589582136, 'x': 1480.8536425783861, 'index': 123, 'vy': 0.009333116336176667, 'vx': -0.011954832435560241, 'weight': 1}",213
"{'name': 'parse_args', 'y': 782.8458921078297, 'x': 1413.6651221794325, 'index': 75, 'vy': 0.011323744235345814, 'vx': -0.005127547825390366, 'weight': 37}","{'name': '@@skip_space', 'y': 713.8297834231477, 'x': 1431.468998633904, 'index': 124, 'vy': 0.010331084444871779, 'vx': -0.010513141769994296, 'weight': 2}",214
"{'name': 'parse_args', 'y': 782.8458921078297, 'x': 1413.6651221794325, 'index': 75, 'vy': 0.011323744235345814, 'vx': -0.005127547825390366, 'weight': 37}","{'name': '@@skip_space', 'y': 713.8297834231477, 'x': 1431.468998633904, 'index': 124, 'vy': 0.010331084444871779, 'vx': -0.010513141769994296, 'weight': 2}",215
"{'name': 'parse_args', 'y': 782.8458921078297, 'x': 1413.6651221794325, 'index': 75, 'vy': 0.011323744235345814, 'vx': -0.005127547825390366, 'weight': 37}","{'name': '@@key_found', 'y': 730.3511451650746, 'x': 1461.4085309029063, 'index': 125, 'vy': 0.015011946499805492, 'vx': -0.002010715088927767, 'weight': 2}",216
"{'name': 'parse_args', 'y': 782.8458921078297, 'x': 1413.6651221794325, 'index': 75, 'vy': 0.011323744235345814, 'vx': -0.005127547825390366, 'weight': 37}","{'name': '@@key_found', 'y': 730.3511451650746, 'x': 1461.4085309029063, 'index': 125, 'vy': 0.015011946499805492, 'vx': -0.002010715088927767, 'weight': 2}",217
"{'name': 'parse_args', 'y': 782.8458921078297, 'x': 1413.6651221794325, 'index': 75, 'vy': 0.011323744235345814, 'vx': -0.005127547825390366, 'weight': 37}","{'name': '@@skip_space:', 'y': 762.2733259188368, 'x': 1322.477738355269, 'index': 126, 'vy': 0.010913183830133932, 'vx': -0.01075035895053407, 'weight': 1}",218
"{'name': 'parse_args', 'y': 782.8458921078297, 'x': 1413.6651221794325, 'index': 75, 'vy': 0.011323744235345814, 'vx': -0.005127547825390366, 'weight': 37}","{'name': '@@key_found:', 'y': 852.4982463367517, 'x': 1446.1343363636356, 'index': 127, 'vy': 0.014883185530245013, 'vx': -0.006098649413220814, 'weight': 1}",219
"{'name': 'parse_args', 'y': 782.8458921078297, 'x': 1413.6651221794325, 'index': 75, 'vy': 0.011323744235345814, 'vx': -0.005127547825390366, 'weight': 37}","{'name': '@@next_1', 'y': 791.6581380120288, 'x': 1310.4575020760556, 'index': 128, 'vy': 0.013315739317892063, 'vx': -0.010237645084442549, 'weight': 1}",220
"{'name': 'parse_args', 'y': 782.8458921078297, 'x': 1413.6651221794325, 'index': 75, 'vy': 0.011323744235345814, 'vx': -0.005127547825390366, 'weight': 37}","{'name': 'set_snake_color', 'y': 804.9419329888395, 'x': 1477.7385429040244, 'index': 129, 'vy': 0.021108397581440456, 'vx': -0.01072187768859278, 'weight': 2}",221
"{'name': 'parse_args', 'y': 782.8458921078297, 'x': 1413.6651221794325, 'index': 75, 'vy': 0.011323744235345814, 'vx': -0.005127547825390366, 'weight': 37}","{'name': '@@next_1:', 'y': 731.9533752806719, 'x': 1514.3261653503607, 'index': 130, 'vy': 0.010328755282060117, 'vx': -0.006335094405104219, 'weight': 1}",222
"{'name': 'parse_args', 'y': 782.8458921078297, 'x': 1413.6651221794325, 'index': 75, 'vy': 0.011323744235345814, 'vx': -0.005127547825390366, 'weight': 37}","{'name': '@@next_2', 'y': 723.3341341312048, 'x': 1332.1773619328183, 'index': 131, 'vy': 0.016204535361334437, 'vx': -0.00934511137878534, 'weight': 1}",223
"{'name': 'parse_args', 'y': 782.8458921078297, 'x': 1413.6651221794325, 'index': 75, 'vy': 0.011323744235345814, 'vx': -0.005127547825390366, 'weight': 37}","{'name': 'set_snake_color', 'y': 804.9419329888395, 'x': 1477.7385429040244, 'index': 129, 'vy': 0.021108397581440456, 'vx': -0.01072187768859278, 'weight': 2}",224
"{'name': 'parse_args', 'y': 782.8458921078297, 'x': 1413.6651221794325, 'index': 75, 'vy': 0.011323744235345814, 'vx': -0.005127547825390366, 'weight': 37}","{'name': '@@next_2:', 'y': 850.6260523948201, 'x': 1363.6041505711346, 'index': 132, 'vy': 0.012213102929887887, 'vx': -0.012665153929596764, 'weight': 1}",225
"{'name': 'parse_args', 'y': 782.8458921078297, 'x': 1413.6651221794325, 'index': 75, 'vy': 0.011323744235345814, 'vx': -0.005127547825390366, 'weight': 37}","{'name': '@@next_3', 'y': 861.5982995297509, 'x': 1402.0982495202932, 'index': 133, 'vy': 0.013517506014013905, 'vx': -0.00983487706031007, 'weight': 1}",226
"{'name': 'parse_args', 'y': 782.8458921078297, 'x': 1413.6651221794325, 'index': 75, 'vy': 0.011323744235345814, 'vx': -0.005127547825390366, 'weight': 37}","{'name': 'show_help_and_quit', 'y': 763.2907620997643, 'x': 1480.346505234781, 'index': 134, 'vy': 0.014203908942294875, 'vx': -0.0059596187398866796, 'weight': 2}",227
"{'name': 'parse_args', 'y': 782.8458921078297, 'x': 1413.6651221794325, 'index': 75, 'vy': 0.011323744235345814, 'vx': -0.005127547825390366, 'weight': 37}","{'name': '@@next_3:', 'y': 850.9580219723405, 'x': 1322.885131781218, 'index': 135, 'vy': 0.017655895291380886, 'vx': -0.012480266025870048, 'weight': 1}",228
"{'name': 'parse_args', 'y': 782.8458921078297, 'x': 1413.6651221794325, 'index': 75, 'vy': 0.011323744235345814, 'vx': -0.005127547825390366, 'weight': 37}","{'name': '@@next_4', 'y': 895.9047527265868, 'x': 1405.7460698053164, 'index': 136, 'vy': 0.014741004411550448, 'vx': -0.00809949660719599, 'weight': 1}",229
"{'name': 'parse_args', 'y': 782.8458921078297, 'x': 1413.6651221794325, 'index': 75, 'vy': 0.011323744235345814, 'vx': -0.005127547825390366, 'weight': 37}","{'name': 'show_help_and_quit', 'y': 763.2907620997643, 'x': 1480.346505234781, 'index': 134, 'vy': 0.014203908942294875, 'vx': -0.0059596187398866796, 'weight': 2}",230
"{'name': 'parse_args', 'y': 782.8458921078297, 'x': 1413.6651221794325, 'index': 75, 'vy': 0.011323744235345814, 'vx': -0.005127547825390366, 'weight': 37}","{'name': '@@next_4:', 'y': 822.7521450917678, 'x': 1311.1449669611204, 'index': 137, 'vy': 0.012007897550275709, 'vx': -0.014059853172369954, 'weight': 1}",231
"{'name': 'parse_args', 'y': 782.8458921078297, 'x': 1413.6651221794325, 'index': 75, 'vy': 0.011323744235345814, 'vx': -0.005127547825390366, 'weight': 37}","{'name': '@@next_5', 'y': 837.2088318457106, 'x': 1497.1258889613334, 'index': 138, 'vy': 0.014031018923541293, 'vx': -0.0022655440958092407, 'weight': 1}",232
"{'name': 'parse_args', 'y': 782.8458921078297, 'x': 1413.6651221794325, 'index': 75, 'vy': 0.011323744235345814, 'vx': -0.005127547825390366, 'weight': 37}","{'name': 'set_die_on_cut', 'y': 740.7813244559754, 'x': 1360.5170693329512, 'index': 139, 'vy': 0.014474351722183863, 'vx': -0.013104488788621459, 'weight': 2}",233
"{'name': 'parse_args', 'y': 782.8458921078297, 'x': 1413.6651221794325, 'index': 75, 'vy': 0.011323744235345814, 'vx': -0.005127547825390366, 'weight': 37}","{'name': '@@next_5:', 'y': 705.3319399590688, 'x': 1499.2684323999317, 'index': 140, 'vy': 0.009423171658031292, 'vx': -0.008330614074223702, 'weight': 1}",234
"{'name': 'parse_args', 'y': 782.8458921078297, 'x': 1413.6651221794325, 'index': 75, 'vy': 0.011323744235345814, 'vx': -0.005127547825390366, 'weight': 37}","{'name': '@@next_6', 'y': 668.9537205069869, 'x': 1456.5195994089186, 'index': 141, 'vy': 0.009534715604727342, 'vx': -0.0014631665512495839, 'weight': 1}",235
"{'name': 'parse_args', 'y': 782.8458921078297, 'x': 1413.6651221794325, 'index': 75, 'vy': 0.011323744235345814, 'vx': -0.005127547825390366, 'weight': 37}","{'name': 'set_die_on_cut', 'y': 740.7813244559754, 'x': 1360.5170693329512, 'index': 139, 'vy': 0.014474351722183863, 'vx': -0.013104488788621459, 'weight': 2}",236
"{'name': 'parse_args', 'y': 782.8458921078297, 'x': 1413.6651221794325, 'index': 75, 'vy': 0.011323744235345814, 'vx': -0.005127547825390366, 'weight': 37}","{'name': '@@next_6:', 'y': 668.0386069267646, 'x': 1427.9267913181577, 'index': 142, 'vy': 0.0052747821485704515, 'vx': 0.004445005073239872, 'weight': 1}",237
"{'name': 'parse_args', 'y': 782.8458921078297, 'x': 1413.6651221794325, 'index': 75, 'vy': 0.011323744235345814, 'vx': -0.005127547825390366, 'weight': 37}","{'name': '@@next_7', 'y': 671.4111342261547, 'x': 1396.6607641033454, 'index': 143, 'vy': 0.005627634754490671, 'vx': -0.0008842352929746166, 'weight': 1}",238
"{'name': 'parse_args', 'y': 782.8458921078297, 'x': 1413.6651221794325, 'index': 75, 'vy': 0.011323744235345814, 'vx': -0.005127547825390366, 'weight': 37}","{'name': 'set_len', 'y': 809.4959820279092, 'x': 1351.5265925030083, 'index': 144, 'vy': 0.014204095820317291, 'vx': -0.009027319333605201, 'weight': 2}",239
"{'name': 'parse_args', 'y': 782.8458921078297, 'x': 1413.6651221794325, 'index': 75, 'vy': 0.011323744235345814, 'vx': -0.005127547825390366, 'weight': 37}","{'name': '@@next_7:', 'y': 802.5999166115603, 'x': 1516.0461012839885, 'index': 145, 'vy': 0.010939967288672805, 'vx': -0.003481185310878315, 'weight': 1}",240
"{'name': 'parse_args', 'y': 782.8458921078297, 'x': 1413.6651221794325, 'index': 75, 'vy': 0.011323744235345814, 'vx': -0.005127547825390366, 'weight': 37}","{'name': '@@next_8', 'y': 890.3853141189273, 'x': 1371.6465342297572, 'index': 146, 'vy': 0.013532797951218922, 'vx': -0.007958113475301698, 'weight': 1}",241
"{'name': 'parse_args', 'y': 782.8458921078297, 'x': 1413.6651221794325, 'index': 75, 'vy': 0.011323744235345814, 'vx': -0.005127547825390366, 'weight': 37}","{'name': 'set_len', 'y': 809.4959820279092, 'x': 1351.5265925030083, 'index': 144, 'vy': 0.014204095820317291, 'vx': -0.009027319333605201, 'weight': 2}",242
"{'name': 'parse_args', 'y': 782.8458921078297, 'x': 1413.6651221794325, 'index': 75, 'vy': 0.011323744235345814, 'vx': -0.005127547825390366, 'weight': 37}","{'name': '@@next_8:', 'y': 765.8502251272379, 'x': 1520.3908761527266, 'index': 147, 'vy': 0.011030329376798794, 'vx': -0.0070533989472405184, 'weight': 1}",243
"{'name': 'parse_args', 'y': 782.8458921078297, 'x': 1413.6651221794325, 'index': 75, 'vy': 0.011323744235345814, 'vx': -0.005127547825390366, 'weight': 37}","{'name': '@@next_9', 'y': 865.6505947917263, 'x': 1476.7855314401356, 'index': 148, 'vy': 0.013117524704578444, 'vx': -0.007436516202415083, 'weight': 1}",244
"{'name': 'parse_args', 'y': 782.8458921078297, 'x': 1413.6651221794325, 'index': 75, 'vy': 0.011323744235345814, 'vx': -0.005127547825390366, 'weight': 37}","{'name': 'set_food_count', 'y': 714.5826181864651, 'x': 1395.4307046568883, 'index': 149, 'vy': 0.01460874726166075, 'vx': -0.01249378755692127, 'weight': 2}",245
"{'name': 'parse_args', 'y': 782.8458921078297, 'x': 1413.6651221794325, 'index': 75, 'vy': 0.011323744235345814, 'vx': -0.005127547825390366, 'weight': 37}","{'name': '@@next_9:', 'y': 886.7362579753117, 'x': 1440.7615299085282, 'index': 150, 'vy': 0.014948397809651067, 'vx': -0.007630682369598718, 'weight': 1}",246
"{'name': 'parse_args', 'y': 782.8458921078297, 'x': 1413.6651221794325, 'index': 75, 'vy': 0.011323744235345814, 'vx': -0.005127547825390366, 'weight': 37}","{'name': '@@next_l', 'y': 690.5039305995876, 'x': 1364.8543754236098, 'index': 151, 'vy': 0.009745295769594563, 'vx': -0.00438890728552676, 'weight': 1}",247
"{'name': 'parse_args', 'y': 782.8458921078297, 'x': 1413.6651221794325, 'index': 75, 'vy': 0.011323744235345814, 'vx': -0.005127547825390366, 'weight': 37}","{'name': 'set_food_count', 'y': 714.5826181864651, 'x': 1395.4307046568883, 'index': 149, 'vy': 0.01460874726166075, 'vx': -0.01249378755692127, 'weight': 2}",248
"{'name': 'parse_args', 'y': 782.8458921078297, 'x': 1413.6651221794325, 'index': 75, 'vy': 0.011323744235345814, 'vx': -0.005127547825390366, 'weight': 37}","{'name': '@@next_l:', 'y': 878.7819116072441, 'x': 1339.8308490960246, 'index': 152, 'vy': 0.017101774619803847, 'vx': -0.00728740340026954, 'weight': 1}",249
